,URL,Title,Company_Symbol,Author,Date_Published,Time_Published,Overall_SA,Positive_SA,Negative_SA,Neutral_SA
0,https://www.ibtimes.com/apple-stock-4-q3-earnings-beat-despite-low-iphone-sales-2809781?ft=2gh92&utm_source=Robinhood&utm_medium=Site&utm_campaign=Partnerships,Apple Stock Up 4% On Q3 Earnings Beat Despite Low iPhone Sales,AAPL,Arthur Villasanta,07/30/19,8:31 PM,0.9883,0.12300000000000001,0.042,0.836
1,https://www.ibtimes.com/does-starbucks-want-become-tech-company-2810671,Does Starbucks Want To Become A Tech Company?,SBUX,Billy Duberstein,08/04/19,1:12 PM,0.9972,0.111,0.021,0.868
2,https://www.ibtimes.com/tesla-news-elon-musks-company-faces-lawsuit-over-fatal-florida-autopilot-crash-2810583,Tesla News: Elon Musk's Company Faces Lawsuit Over Fatal Florida Autopilot Crash,TSLA,Wesley Dockery,08/03/19,2:11 PM,-0.9670000000000001,0.076,0.156,0.769
3,https://www.ibtimes.com/which-walmart-stores-are-closing-2019-full-list-locations-2796471,Which Walmart Stores Are Closing In 2019? A Full List Of Locations,WMT,Dawn Geske,05/30/19,12:17 PM,-0.2235,0.0,0.011,0.989
4,https://www.ibtimes.com/life-tesla-spacex-elon-musks-mom-just-wrote-book-about-his-childhood-2811972,Life Before Tesla And SpaceX? Elon Musk’s Mom Just Wrote A Book About His Childhood,ELON,Dawn Geske,08/09/19,3:22 PM,-0.6369,0.042,0.063,0.895
5,https://www.ibtimes.com/elon-musk-starts-blocking-people-twitter-unlawful-reason-2811781,Elon Musk Starts Blocking People On Twitter For This Unlawful Reason,ELON,Arthur Villasanta,08/09/19,7:26 AM,0.6588,0.07,0.058,0.872
6,https://www.ibtimes.com/tesla-pickup-design-which-these-concepts-closest-real-thing-2811765,Tesla Pickup Design: Which Of These Concepts Is Closest To The Real Thing?,TSLA,Lorraine Lorenzo,08/08/19,11:35 PM,0.9455,0.071,0.038,0.89
7,https://www.ibtimes.com/new-tesla-dead-tesla-model-s-hearse-sale-200000-2811521,"New Tesla For The Dead? Tesla Model S Hearse For Sale At $200,000",TSLA,Arthur Villasanta,08/08/19,7:17 AM,0.5499,0.064,0.059,0.877
8,https://www.ibtimes.com/tesla-model-3-not-safest-car-ever-tested-us-regulator-claims-2811512,"Tesla Model 3 Is Not The Safest Car Ever Tested, US Regulator Claims",TSLA,Arthur Villasanta,08/08/19,12:25 AM,0.7047,0.084,0.069,0.847
9,https://www.ibtimes.com/tesla-face-raps-over-model-3-accidents-endangers-company-bottomline-2811340,"Tesla To Face Raps Over Model 3 Accidents, Endangers Company Bottomline",TSLA,Jerome Santos,08/07/19,11:14 PM,-0.0859,0.047,0.043,0.91
10,https://www.ibtimes.com/toyota-enlists-help-startup-preferred-networks-build-ai-home-robot-helpers-2811466,Toyota Enlists Help From Startup Preferred Networks To Build AI Home Robot Helpers,TM,Wesley Dockery,08/07/19,4:45 PM,0.9864,0.135,0.0,0.865
11,https://www.ibtimes.com/tesla-impressive-celebrity-car-collector-praises-elon-musk-american-built-evs-2811287,'Tesla Is Impressive': Celebrity Car Collector Praises Elon Musk For American-Built EVs,TSLA,Arthur Villasanta,08/07/19,5:50 AM,0.9943,0.13699999999999998,0.031,0.833
12,https://www.ibtimes.com/tesla-releases-new-photo-gigafactory-3-china-drone-video-shows-massive-factory-2811268,"Tesla Releases New Photo Of Gigafactory 3 In China, Drone Video Shows Massive Factory",TSLA,Arthur Villasanta,08/06/19,11:45 PM,0.9061,0.049,0.006999999999999999,0.9440000000000001
13,https://www.ibtimes.com/nasa-apollo-11-not-efficient-elon-musks-spacex-more-effective-model-2811242,"NASA Apollo 11 'Not Efficient,' Elon Musk's SpaceX 'A More Effective Model'",AFHB.KLA,Inigo Monzon,08/06/19,9:41 PM,0.9725,0.086,0.028,0.885
14,https://www.ibtimes.com/future-public-transportation-optimus-ride-driverless-shuttles-set-expand-brooklyn-2811219,The Future Of Public Transportation? Optimus Ride Driverless Shuttles Set To Expand To Brooklyn,FUTR.LON,Wesley Dockery,08/06/19,4:05 PM,0.9571,0.092,0.013999999999999999,0.894
15,https://www.ibtimes.com/tesla-pickup-tesla-model-b-did-elon-musk-tweet-its-release-2810997,Tesla Pickup Is Tesla Model B? Did Elon Musk Tweet Its Release?,TSLA,Lorraine Lorenzo,08/05/19,11:56 PM,0.9864,0.1,0.041,0.8590000000000001
16,https://www.ibtimes.com/tesla-model-s-beats-ford-mustang-50-audi-s4-drag-race-watch-2810763,"Tesla Model S Beats Ford Mustang 5.0, Audi S4 In Drag Race [WATCH]",TSLA,Arthur Villasanta,08/05/19,5:50 AM,-0.5499,0.055,0.069,0.8759999999999999
17,https://www.ibtimes.com/tesla-cars-may-fail-ongoing-great-auto-disruption-analysts-say-2810739,"Tesla Cars May Fail In Ongoing 'Great Auto Disruption,' Analysts Say",TSLA,Lorraine Lorenzo,08/05/19,12:07 AM,-0.3804,0.031,0.05,0.918
18,https://www.ibtimes.com/elon-musk-shares-bizarre-bee-memes-other-odd-postings-latest-social-media-stunt-2810669,"Elon Musk Shares Bizarre Bee Memes, Other Odd Postings In Latest Social Media Stunt",ELON,Wesley Dockery,08/04/19,2:32 PM,0.6249,0.086,0.065,0.8490000000000001
19,https://www.ibtimes.com/new-tesla-model-x-model-s-get-free-supercharging-again-2810630,"New Tesla Model X, Model S Get Free Supercharging Again",TSLA,Jerome Santos,08/04/19,3:05 AM,0.9874,0.127,0.038,0.8340000000000001
20,https://www.ibtimes.com/inside-elon-musks-v-shaped-la-mansion-selling-42-million-2810486,Inside Elon Musk's V-Shaped LA Mansion Selling For $4.2 Million,ELON,Katrina Ariola,08/02/19,1:37 PM,0.9616,0.067,0.012,0.9209999999999999
21,https://www.ibtimes.com/what-are-most-stolen-vehicles-full-list-included-2810478,What Are The Most Stolen Vehicles? Full List Included,IS,Dawn Geske,08/02/19,12:51 PM,-0.957,0.054000000000000006,0.128,0.818
22,https://www.ibtimes.com/tesla-powered-porsche-912-vintage-car-collectors-dream-2810347,This Tesla-Powered Porsche 912 Is A Vintage Car Collector's Dream,POAHY,Arthur Villasanta,08/02/19,5:50 AM,0.836,0.046,0.011000000000000001,0.9420000000000001
23,https://www.ibtimes.com/tesla-safety-issue-dont-leave-your-dogs-inside-tesla-car-2810320,Tesla Safety Issue: Don't Leave Your Dogs Inside A Tesla Car,TSLA,Lorraine Lorenzo,08/02/19,12:15 AM,0.9821,0.11,0.033,0.857
24,https://www.ibtimes.com/elon-musk-working-keep-dogs-even-safer-heres-why-2810197,Elon Musk Is Working To Keep Dogs Even Safer: Here’s Why,ELON,Dawn Geske,08/01/19,11:47 AM,0.9584,0.091,0.046,0.863
25,https://www.ibtimes.com/elon-musk-launch-tesla-pickup-2019-los-angeles-auto-show-2810086,Elon Musk To Launch Tesla Pickup At 2019 Los Angeles Auto Show?,TSLA,Lorraine Lorenzo,08/01/19,1:52 AM,0.9829,0.098,0.031,0.872
26,https://www.ibtimes.com/tesla-partners-airlines-group-give-free-flights-chinese-customers-2810077,Tesla Partners With Airlines Group To Give Free Flights To Chinese Customers,TSLA,Arthur Villasanta,08/01/19,12:44 AM,0.9824,0.092,0.01,0.898
27,https://www.ibtimes.com/tesla-model-3-gets-5-star-safety-rating-after-several-crash-tests-watch-2810063,Tesla Model 3 Gets 5-Star Safety Rating After Several Crash Tests [WATCH],TSLA,Arthur Villasanta,07/31/19,11:18 PM,0.9801,0.171,0.08199999999999999,0.747
28,https://www.ibtimes.com/tesla-pickup-release-most-exciting-details-we-know-ahead-launch-2809828,Tesla Pickup Release: Most Exciting Details We Know Ahead Of Launch,TSLA,Lorraine Lorenzo,07/31/19,12:49 AM,0.9923,0.125,0.02,0.855
29,https://www.ibtimes.com/bookbound-brigade-adorable-metroidvania-starring-literary-heroes-learned-school-2809623,‘Bookbound Brigade’ Is An Adorable Metroidvania Starring Literary Heroes Learned In School,532929.BSE,Julio Cachila,07/30/19,5:37 AM,0.9808,0.118,0.039,0.8420000000000001
30,https://www.ibtimes.com/tesla-semi-truck-rv-how-electric-motorhome-looks-2809553,Tesla Semi Truck RV: This is How The Electric Motorhome Looks Like,TSLA,Arthur Villasanta,07/30/19,12:32 AM,0.9584,0.063,0.015,0.9209999999999999
31,https://www.ibtimes.com/tesla-announces-megapack-energy-storage-system-2809561,Tesla Announces The Megapack Energy Storage System,TSLA,Daniel Sparks,07/30/19,12:03 AM,0.9938,0.153,0.015,0.8320000000000001
32,https://www.ibtimes.com/tesla-hater-shark-tank-judge-mr-wonderful-finally-buys-tesla-stock-2809547,"Tesla Hater, 'Shark Tank' Judge Mr. Wonderful, Finally Buys Tesla Stock",TSLA,Arthur Villasanta,07/29/19,11:54 PM,0.9916,0.133,0.046,0.821
33,https://www.ibtimes.com/tesla-pickup-design-star-wars-artist-could-be-elon-musks-cyrberpunk-dream-2809539,Tesla Pickup Design By 'Star Wars' Artist Could Be Elon Musk's Cyrberpunk Dream,TSLA,Lorraine Lorenzo,07/29/19,11:34 PM,0.9932,0.126,0.019,0.855
34,https://www.ibtimes.com/elon-musks-streaming-feature-tesla-cars-major-driving-concern-2809318,Elon Musk’s Streaming Feature For Tesla Cars: A Major Driving Concern?,TSLA,Jerome Santos,07/29/19,5:40 AM,0.9620000000000001,0.08,0.027999999999999997,0.892
35,https://www.ibtimes.com/tesla-pickup-launch-2-3-months-elon-musk-confirms-2809262,"Tesla Pickup To Launch In '2 To 3 Months', Elon Musk Confirms",TSLA,Arthur Villasanta,07/28/19,11:52 PM,0.9783,0.071,0.006,0.923
36,https://www.ibtimes.com/tesla-news-elon-musk-announces-cool-new-features-electric-car-line-2809205,Tesla News: Elon Musk Announces Cool New Features For Electric Car Line,ELON,Wesley Dockery,07/28/19,11:01 AM,0.9283,0.09,0.013000000000000001,0.897
37,https://www.ibtimes.com/tesla-management-talks-model-3-gross-margin-demand-trends-more-earnings-call-2809098,"Tesla Management Talks Model 3 Gross Margin, Demand Trends, And More In Earnings Call",TSLA,Daniel Sparks,07/27/19,7:10 AM,0.8170000000000001,0.099,0.085,0.816
38,https://www.ibtimes.com/softbank-launches-108-billion-fund-ai-apple-microsoft-expected-participate-2808897,"SoftBank Launches $108 Billion Fund For A.I., Apple And Microsoft Expected To Participate",SOBKY,Kalyan Kumar,07/26/19,1:29 AM,0.9884,0.091,0.004,0.9059999999999999
39,https://www.ibtimes.com/tesla-pickup-design-concept-could-be-real-deal-2808881,Tesla Pickup Design Concept Could Be The Real Deal,TSLA,Lorraine Lorenzo,07/26/19,1:06 AM,0.9936,0.14800000000000002,0.046,0.8059999999999999
40,https://www.ibtimes.com/who-elon-musks-favorite-author-tesla-spacex-operate-sci-fi-philosophers-ideas-2808811,"Who Is Elon Musk’s Favorite Author? Tesla, SpaceX Operate On This Sci-Fi Philosopher’s Ideas",ELON,Dawn Geske,07/25/19,3:09 PM,0.9905,0.161,0.013000000000000001,0.825
41,https://www.ibtimes.com/tesla-moves-closer-profitability-2808752,Tesla Moves Closer To Profitability,TSLA,Daniel Sparks,07/25/19,11:11 AM,0.9753,0.13,0.071,0.8
42,https://www.ibtimes.com/amare-stoudemire-pulled-over-speeding-after-divorce-case-closed-2808701,Amar'e Stoudemire Pulled Over for Speeding After Divorce Case Closed,,Joseph Patrick,07/25/19,6:59 AM,0.7131,0.040999999999999995,0.026000000000000002,0.9329999999999999
43,https://www.ibtimes.com/tesla-pickup-vs-ford-f-150-which-electric-vehicle-will-reign-supreme-2808635,Tesla Pickup vs. Ford F-150: Which Electric Vehicle Will Reign Supreme?,TSLA,Lorraine Lorenzo,07/25/19,12:22 AM,0.9944,0.119,0.036000000000000004,0.845
44,https://www.ibtimes.com/tesla-suffers-huge-blow-chief-tech-officer-steps-down-takes-advisory-role-2808611,"Tesla Suffers Huge Blow: Chief Tech Officer Steps Down, Takes Up Advisory Role",TSLA,Kalyan Kumar,07/24/19,10:41 PM,0.9836,0.095,0.031,0.8740000000000001
45,https://www.ibtimes.com/ford-stock-down-7-earnings-miss-still-aims-beat-tesla-2808598,Ford Stock Down 7% On Earnings Miss; Still Aims To Beat Tesla,EPI,Arthur Villasanta,07/24/19,9:42 PM,0.9816,0.126,0.065,0.809
46,https://www.ibtimes.com/tesla-stock-drops-11-q2-earnings-loss-despite-record-delivery-2808592,Tesla Stock Drops 11% On Q2 Earnings Loss Despite Record Delivery,TSLA,Arthur Villasanta,07/24/19,8:24 PM,0.9893,0.094,0.04,0.866
47,https://www.ibtimes.com/lower-open-likely-us-markets-oil-price-2808484,Lower Open Likely For US Markets: Oil Price Up,USAT,Kalyan Kumar,07/24/19,7:29 AM,-0.9781,0.028,0.07200000000000001,0.9
48,https://www.ibtimes.com/watch-tesla-model-3-slams-construction-barrels-driver-blames-autopilot-2808384,"WATCH: Tesla Model 3 Slams Into Construction Barrels, Driver Blames Autopilot",TSLA,Arthur Villasanta,07/24/19,1:13 AM,0.9153,0.09300000000000001,0.057999999999999996,0.8490000000000001
49,https://www.ibtimes.com/tesla-pickup-rival-ford-f-150-will-still-dominate-market-executive-says-2808398,"Tesla Pickup Rival Ford F-150 Will Still Dominate The Market, Executive Says",TSLA,Lorraine Lorenzo,07/24/19,12:42 AM,0.9819,0.086,0.011,0.903
50,https://www.ibtimes.com/where-elon-musks-tesla-planning-build-lithium-battery-raw-material-factory-2808372,Where Is Elon Musk’s Tesla Planning To Build Lithium Battery Raw Material Factory?,TSLA,Jerome Santos,07/23/19,11:59 PM,0.9851,0.102,0.02,0.878
51,https://www.ibtimes.com/ford-mocks-tesla-pickup-truck-shows-electric-f-150-pulling-125m-lbs-watch-2808348,"Ford Mocks Tesla Pickup Truck, Shows Electric F-150 Pulling 1.25M Lbs. [WATCH]",TSLA,Arthur Villasanta,07/23/19,10:12 PM,0.975,0.098,0.034,0.868
52,https://www.ibtimes.com/fords-europe-sales-slipped-profits-may-rise-2808339,"Ford's Europe Sales Slipped, But Profits May Rise",,John Rosevear,07/23/19,9:32 PM,0.9847,0.091,0.049,0.86
53,https://www.ibtimes.com/tesla-earnings-what-do-analysts-expect-2nd-quarter-2808311,Tesla Earnings: What Do Analysts Expect From The 2nd Quarter?,TSLA,Wesley Dockery,07/23/19,5:42 PM,0.5423,0.081,0.061,0.858
54,https://www.ibtimes.com/apple-hires-tesla-vp-charge-car-interiors-could-work-beyond-apple-car-2808107,"Apple Hires Tesla VP In-Charge Of Car Interiors, Could Work Beyond Apple Car",AAPL,Arthur Villasanta,07/23/19,7:52 AM,0.975,0.08199999999999999,0.023,0.894
55,https://www.ibtimes.com/model-y-update-tesla-invents-new-wiring-architecture-faster-production-2808111,Model Y Update: Tesla Invents New Wiring Architecture For Faster Production,TSLA,Jerome Santos,07/23/19,5:40 AM,0.9489,0.079,0.023,0.898
56,https://www.ibtimes.com/spacex-build-new-hyperloop-vacuum-tunnel-2020-2808054,SpaceX To Build New Hyperloop Vacuum Tunnel In 2020,PFFVF,Inigo Monzon,07/23/19,12:29 AM,0.9239,0.066,0.034,0.899
57,https://www.ibtimes.com/tesla-model-3-kills-1-freak-accident-autopilot-blame-2808049,Tesla Model 3 Kills 1 In Freak Accident: Is Autopilot To Blame?,TSLA,Lorraine Lorenzo,07/23/19,12:28 AM,-0.976,0.049,0.115,0.836
58,https://www.ibtimes.com/cadillac-escalade-all-electric-suv-way-2807995,Cadillac Escalade: Is An All-Electric SUV On The Way?,CADIF,Dawn Geske,07/22/19,1:59 PM,0.8555,0.046,0.0,0.9540000000000001
59,https://www.ibtimes.com/tesla-kills-man-after-running-red-light-san-francisco-2807882,Tesla Kills Man After Running Red Light In San Francisco,TSLA,Arthur Villasanta,07/22/19,7:44 AM,-0.9815,0.039,0.121,0.84
60,https://www.ibtimes.com/tesla-roadster-spacex-thruster-have-hover-test-2020-2807862,Tesla Roadster With SpaceX Thruster To Have 'Hover' Test By 2020,TSLA,Arthur Villasanta,07/22/19,12:54 AM,0.9869,0.09300000000000001,0.018000000000000002,0.889
61,https://www.ibtimes.com/tesla-pickup-design-gorgeous-new-concept-design-features-cyberpunk-look-2807822,Tesla Pickup Design: Gorgeous New Concept Design Features Cyberpunk Look,TSLA,Lorraine Lorenzo,07/21/19,8:10 PM,0.9782,0.08199999999999999,0.029,0.889
62,https://www.ibtimes.com/tesla-cuts-prices-again-its-not-good-news-2807795,Tesla Cuts Prices Again. It's Not Good News.,TSLA,Adam Levine-Weinberg,07/20/19,2:41 PM,-0.9798,0.07200000000000001,0.105,0.823
63,https://www.ibtimes.com/why-tesla-remains-top-contender-electric-car-market-2807755,Why Tesla Remains Top Contender In Electric Car Market,TSLA,Jerome Santos,07/20/19,1:09 AM,0.9308,0.09,0.056,0.8540000000000001
64,https://www.ibtimes.com/tesla-gets-outperform-rating-355-price-target-ahead-q2-earnings-call-2807556,"Tesla Gets ‘Outperform’ Rating, $355 Price Target Ahead of Q2 Earnings Call",TSLA,Arthur Villasanta,07/19/19,12:37 AM,0.6808,0.078,0.062,0.86
65,https://www.ibtimes.com/tesla-pickup-features-vehicle-have-maxwell-batteries-2807516,Tesla Pickup Features: Vehicle To Have Maxwell Batteries?,TSLA,Lorraine Lorenzo,07/18/19,9:06 PM,0.9459,0.055,0.017,0.928
66,https://www.ibtimes.com/tesla-gigafactory-3-china-starts-model-3-production-november-2807268,Tesla Gigafactory 3 In China Starts Model 3 Production In November,TSLA,Arthur Villasanta,07/17/19,8:34 PM,0.9538,0.064,0.017,0.9179999999999999
67,https://www.ibtimes.com/elon-musks-company-has-ambitious-plans-connect-human-brains-computer-interface-2807178,Elon Musk's Company Has Ambitious Plans To Connect Human Brains To Computer Interface,ELON,Kevin Billings,07/17/19,12:06 PM,0.4779,0.09,0.07200000000000001,0.8370000000000001
68,https://www.ibtimes.com/pablo-escobars-brother-wants-100m-tesla-shares-claims-musk-stole-flamethrower-design-2807047,"Pablo Escobar's Brother Wants $100M Tesla Shares, Claims Musk Stole Flamethrower Design",MUSKX,Arthur Villasanta,07/17/19,9:27 AM,0.9417,0.121,0.091,0.7879999999999999
69,https://www.ibtimes.com/tesla-model-3-sees-price-cut-ahead-100k-full-self-driving-ev-launch-2807054,Tesla Model 3 Sees Price Cut Ahead Of $100K 'Full Self-Driving' EV Launch,TSLA,Kalyan Kumar,07/17/19,1:39 AM,0.991,0.102,0.025,0.8740000000000001
70,https://www.ibtimes.com/tesla-safety-scandal-electric-tape-used-fix-model-3-2807038,Tesla Safety Scandal: Electric Tape Used To ‘Fix’ Model 3?,TSLA,Lorraine Lorenzo,07/17/19,1:32 AM,0.1461,0.066,0.07400000000000001,0.86
71,https://www.ibtimes.com/nasa-admin-focusing-blame-spacex-crew-dragon-explosion-2806758,Is NASA Admin Focusing Blame On SpaceX For Crew Dragon Explosion?,CWEGF,Inigo Monzon,07/16/19,12:04 AM,-0.9246,0.033,0.07,0.8959999999999999
72,https://www.ibtimes.com/tesla-vehicles-attacked-new-lies-former-car-boss-2806754,Tesla Vehicles 'Attacked' With New Lies From Former Car Boss,TSLA,Lorraine Lorenzo,07/15/19,11:58 PM,-0.9469,0.042,0.09,0.867
73,https://www.ibtimes.com/tesla-model-3-quality-sacrificed-hit-production-goals-used-electric-tape-cracks-2806730,"Tesla Model 3 Quality Sacrificed To Hit Production Goals, Used Electric Tape For Cracks",TSLA,Arthur Villasanta,07/15/19,10:31 PM,-0.2455,0.06,0.064,0.8759999999999999
74,https://www.ibtimes.com/tesla-roadster-have-10-spacex-thruster-hidden-behind-license-plate-2806512,Tesla Roadster To Have 10 SpaceX Thruster Hidden Behind License Plate,TSLA,Arthur Villasanta,07/15/19,6:30 AM,0.9776,0.091,0.028999999999999998,0.88
75,https://www.ibtimes.com/tesla-model-y-release-news-production-underway-factory-update-2806498,Tesla Model Y Release News: Production Underway With Factory Update,TSLA,Lorraine Lorenzo,07/15/19,1:40 AM,0.9834,0.097,0.022,0.8809999999999999
76,https://www.ibtimes.com/tesla-autopilot-collision-avoidance-works-despite-flak-2806500,Tesla Autopilot Collision Avoidance Works Despite Flak,TSLA,Jerome Santos,07/15/19,12:13 AM,-0.9313,0.063,0.107,0.83
77,https://www.ibtimes.com/tesla-pickup-release-problem-how-appeal-women-2805914,Tesla Pickup Release Problem: How To Appeal To Women,TSLA,Lorraine Lorenzo,07/10/19,11:59 PM,0.9776,0.09,0.041,0.8690000000000001
78,https://www.ibtimes.com/tesla-model-s-voted-best-car-past-70-years-motor-trend-2805906,Tesla Model S Voted Best Car Of The Past 70 Years By Motor Trend,TSLA,Arthur Villasanta,07/10/19,11:38 PM,0.9957,0.11699999999999999,0.003,0.879
79,https://www.ibtimes.com/tesla-stock-385-leaked-info-production-boost-fremont-factory-2805888,Tesla Stock Up 3.85% On Leaked Info Of Production Boost At Fremont Factory,TSLA,Arthur Villasanta,07/10/19,9:35 PM,0.9741,0.084,0.032,0.884
80,https://www.ibtimes.com/tesla-about-increase-production-output-its-california-factory-2805890,Tesla Is About To Increase Production Output At Its California Factory,TSLA,Daniel Sparks,07/10/19,9:21 PM,0.9747,0.092,0.028999999999999998,0.878
81,https://www.ibtimes.com/tesla-autopilot-has-big-problem-10-software-team-have-resigned-2805705,Tesla Autopilot Has A Big Problem: 10% Of Software Team Have Resigned,TSLA,Arthur Villasanta,07/10/19,5:50 AM,-0.4736,0.066,0.07,0.8640000000000001
82,https://www.ibtimes.com/tesla-model-s-model-x-revamps-not-works-elon-musk-says-2805731,"Tesla Model S, Model X Revamps Not In The Works, Elon Musk Says",TSLA,Jerome Santos,07/10/19,5:50 AM,0.9731,0.068,0.008,0.924
83,https://www.ibtimes.com/tesla-suggest-travel-destinations-new-navigation-system-update-2805663,Tesla To Suggest Travel Destinations In New Navigation System Update,TSLA,Arthur Villasanta,07/09/19,10:02 PM,0.9937,0.152,0.0,0.848
84,https://www.ibtimes.com/elon-musk-warns-tesla-prices-will-rise-significantly-2805477,Elon Musk Warns Tesla Prices Will ‘Rise Significantly’,TSLA,Kalyan Kumar,07/09/19,1:27 AM,0.8999,0.038,0.018000000000000002,0.9440000000000001
85,https://www.ibtimes.com/tesla-pickup-truck-release-what-expect-next-few-weeks-2805437,Tesla Pickup Truck Release: What To Expect In Next Few Weeks,TSLA,Lorraine Lorenzo,07/08/19,11:39 PM,0.9823,0.081,0.009000000000000001,0.91
86,https://www.ibtimes.com/tesla-model-3-takes-major-market-share-internationally-why-europeans-americans-are-2805192,Tesla Model 3 Takes Major Market Share Internationally: Why Europeans And Americans Are Loving EV,TSLA,Jerome Santos,07/08/19,7:44 AM,0.9901,0.126,0.048,0.826
87,https://www.ibtimes.com/tesla-model-x-beats-lamborghini-urus-drag-race-watch-2805199,Tesla Model X Beats Lamborghini Urus In Drag Race [WATCH],TSLA,Arthur Villasanta,07/08/19,12:23 AM,0.5849,0.056,0.036000000000000004,0.908
88,https://www.ibtimes.com/tesla-domination-reportedly-cause-bmw-ceo-resignation-2805196,Tesla Domination Reportedly Cause Of BMW CEO Resignation,TSLA,Lorraine Lorenzo,07/08/19,12:00 AM,-0.7275,0.044000000000000004,0.066,0.89
89,https://www.ibtimes.com/tesla-keeps-deliveries-still-far-financial-recovery-2805080,"Tesla Keeps Up With Deliveries, Still Far From Financial Recovery",TSLA,Jerome Santos,07/07/19,2:00 AM,0.9914,0.139,0.025,0.836
90,https://www.ibtimes.com/tesla-hits-new-delivery-record-worst-over-2805052,"As Tesla Hits A New Delivery Record, Is The Worst Over?",TSLA,Adam Levine-Weinberg,07/06/19,12:45 PM,0.9802,0.094,0.061,0.8440000000000001
91,https://www.ibtimes.com/tesla-autopilot-wins-award-has-it-really-improved-2805008,Tesla Autopilot Wins Award But Has It Really Improved?,TSLA,Jerome Santos,07/06/19,1:07 AM,-0.6858,0.05,0.07200000000000001,0.877
92,https://www.ibtimes.com/jaguar-taking-tesla-multi-billion-investment-electric-cars-2804849,Jaguar Is Taking On Tesla With Multi-Billion Investment On Electric Cars,JAGX,Kalyan Kumar,07/05/19,1:46 AM,-0.7753,0.047,0.064,0.889
93,https://www.ibtimes.com/tesla-ev-cars-other-brands-bow-down-hydrogen-cars-2030-2804811,"Tesla EV Cars, Other Brands To Bow Down To Hydrogen Cars In 2030",TSLA,Lorraine Lorenzo,07/05/19,12:28 AM,0.6765,0.061,0.043,0.8959999999999999
94,https://www.ibtimes.com/tesla-model-3-best-selling-ev-us-year-2804804,Tesla Model 3 Is Best-Selling EV In US This Year,TSLA,Arthur Villasanta,07/04/19,11:16 PM,0.9563,0.063,0.006999999999999999,0.93
95,https://www.ibtimes.com/bmw-daimler-aim-beat-tesla-own-automated-driving-technology-2804758,"BMW, Daimler Aim To Beat Tesla With Own Automated Driving Technology",DDAIF,Kalyan Kumar,07/04/19,11:06 AM,0.9493,0.076,0.038,0.8859999999999999
96,https://www.ibtimes.com/theres-tesla-model-s-kids-mclaren-720s-too-2804655,"There’s A Tesla Model S For Kids, A McLaren 720S Too",MLRNF,Arthur Villasanta,07/04/19,6:30 AM,0.9209,0.06,0.004,0.9359999999999999
97,https://www.ibtimes.com/infographic-tesla-deliveries-surge-record-q219-2804678,Infographic: Tesla Deliveries Surge To A Record In Q2'19,TSLA,Niall McCarthy,07/04/19,1:37 AM,0.7003,0.096,0.065,0.8390000000000001
98,https://www.ibtimes.com/elon-musks-tesla-model-3-sets-new-records-safety-speed-2804645,Elon Musk’s Tesla Model 3 Sets New Records In Safety And Speed,TSLA,Julio Cachila,07/04/19,12:47 AM,0.9793,0.10300000000000001,0.013000000000000001,0.884
99,https://www.ibtimes.com/tesla-pickup-release-heres-how-elon-musks-company-can-capture-loyal-market-2804644,Tesla Pickup Release: Here's How Elon Musk's Company Can Capture A Loyal Market,TSLA,Lorraine Lorenzo,07/04/19,12:45 AM,0.9913,0.112,0.015,0.873
100,https://www.ibtimes.com/tesla-gigafactory-3-produce-3000-model-3s-weekly-end-2019-2804630,"Tesla Gigafactory 3 To Produce 3,000 Model 3s Weekly By End Of 2019",TSLA,Arthur Villasanta,07/03/19,10:22 PM,0.1761,0.016,0.011000000000000001,0.973
101,https://www.ibtimes.com/dow-sp-500-nasdaq-hit-record-highs-rate-cut-hopes-2804615,"Dow, S&P; 500 And Nasdaq Hit Record Highs On Rate Cut Hopes",DOW,Arthur Villasanta,07/03/19,8:20 PM,0.9901,0.139,0.066,0.795
102,https://www.ibtimes.com/spacex-boosts-recycling-effort-reusing-rockets-future-missions-2804450,SpaceX Boosts Recycling Effort By Reusing Rockets For Future Missions,,Inigo Monzon,07/03/19,5:50 AM,0.9501,0.052000000000000005,0.0,0.948
103,https://www.ibtimes.com/apple-car-could-one-elon-musks-tesla-evs-extendable-bumper-system-2804474,Apple Car Could One-Up Elon Musk’s Tesla EVs With ‘Extendable Bumper System’,AAPL,Julio Cachila,07/03/19,5:38 AM,0.8721,0.064,0.02,0.916
104,https://www.ibtimes.com/tesla-model-cars-substandard-paintwork-claims-are-exaggerated-ex-mclaren-specialist-2804465,"Tesla Model Cars’ ‘Substandard Paintwork’ Claims Are ‘Exaggerated,’ Ex-McLaren Specialist Says",TSLA,Julio Cachila,07/03/19,5:30 AM,-0.9552,0.044000000000000004,0.08800000000000001,0.868
105,https://www.ibtimes.com/tesla-pickup-release-could-outsell-ford-f-150-based-twitter-data-2804394,Tesla Pickup Release Could Outsell Ford F-150 Based On Twitter Data,TSLA,Lorraine Lorenzo,07/02/19,11:34 PM,0.9744,0.093,0.025,0.882
106,https://www.ibtimes.com/tesla-smashes-delivery-record-95200-stock-7-2804363,"Tesla Smashes Delivery Record With 95,200, Stock Up 7%",TSLA,Arthur Villasanta,07/02/19,8:01 PM,0.8176,0.055999999999999994,0.027999999999999997,0.9159999999999999
107,https://www.ibtimes.com/porsche-taycan-bigger-or-smaller-tesla-model-s-2804159,Is Porsche Taycan Bigger Or Smaller Than Tesla Model S?,POAHY,Julio Cachila,07/02/19,2:10 AM,0.9604,0.078,0.013,0.91
108,https://www.ibtimes.com/tesla-rival-hires-former-elon-musk-executive-just-1-week-after-he-resigned-2804143,Tesla Rival Hires Former Elon Musk Executive Just 1 Week After He Resigned,TSLA,Arthur Villasanta,07/02/19,12:55 AM,0.973,0.07400000000000001,0.005,0.9209999999999999
109,https://www.ibtimes.com/tesla-news-does-elon-musk-have-plans-electric-airplane-2804041,Tesla News: Does Elon Musk Have Plans For An Electric Airplane?,ELON,Wesley Dockery,07/01/19,3:15 PM,0.974,0.104,0.015,0.8809999999999999
110,https://www.ibtimes.com/apples-tesla-model-x-rival-wont-have-steering-wheel-2803961,Apple’s Tesla Model X Rival Won’t Have Steering Wheel?,AAPL,Julio Cachila,07/01/19,6:19 AM,0.8442,0.043,0.012,0.945
111,https://www.ibtimes.com/elon-musk-net-worth-20b-how-tesla-ceo-spending-it-2803897,Elon Musk Net Worth Is $20B: How Is Tesla CEO Spending It?,ELON,Kalyan Kumar,07/01/19,1:19 AM,0.9908,0.085,0.024,0.8909999999999999
112,https://www.ibtimes.com/tesla-stock-price-targets-slashed-analyst-delivery-numbers-still-worry-2803878,"Tesla Stock Price Targets Slashed By Analyst, Delivery Numbers Still A Worry",TSLA,Arthur Villasanta,07/01/19,12:31 AM,0.3205,0.052000000000000005,0.055,0.893
113,https://www.ibtimes.com/tesla-pickup-concept-design-shows-hyper-configurable-bed-2803841,Tesla Pickup Concept Design Shows Hyper Configurable Bed,TSLA,Lorraine Lorenzo,06/30/19,11:15 PM,0.9965,0.175,0.034,0.7909999999999999
114,https://www.ibtimes.com/tesla-has-plans-save-money-while-pressured-hit-goals-2803790,Tesla Has Plans To Save Money While Pressured To Hit Goals,TSLA,Jerome Santos,06/30/19,6:23 AM,0.7982,0.065,0.052000000000000005,0.882
115,https://www.ibtimes.com/whats-future-sports-cars-porsche-ferrari-looking-challenge-tesla-going-electric-2803745,"What's The Future Of Sports Cars? Porsche, Ferrari Looking To Challenge Tesla By Going Electric",GE,Wesley Dockery,06/29/19,3:20 PM,0.9931,0.117,0.01,0.873
116,https://www.ibtimes.com/tesla-news-can-model-3-deliveries-keep-rising-2803693,Tesla News: Can Model 3 Deliveries Keep Rising?,TSLA,Daniel Sparks,06/29/19,1:11 AM,0.897,0.073,0.038,0.889
117,https://www.ibtimes.com/how-elon-musk-will-celebrate-his-48th-birthday-2803644,This Is How Elon Musk Will Celebrate His 48th Birthday,ELON,Dawn Geske,06/28/19,12:09 PM,0.9244,0.068,0.041,0.892
118,https://www.ibtimes.com/tesla-trouble-continues-head-production-quits-2803513,Tesla Trouble Continues As Head Of Production Quits,TSLA,Lorraine Lorenzo,06/28/19,12:13 AM,-0.938,0.06,0.102,0.838
119,https://www.ibtimes.com/tesla-roadster-underperforms-speed-test-without-rocket-thruster-2803508,Tesla Roadster Underperforms In Speed Test Without ‘Rocket Thruster’,TSLA,Kalyan Kumar,06/27/19,10:37 PM,0.8074,0.045,0.033,0.923
120,https://www.ibtimes.com/tesla-expand-ukraine-eastern-europe-says-musk-2803317,"Tesla To Expand In Ukraine And Eastern Europe, Says Musk",TSLA,Arthur Villasanta,06/27/19,6:00 AM,0.9655,0.059000000000000004,0.003,0.938
121,https://www.ibtimes.com/tesla-secret-lab-building-batteries-future-2803284,Tesla Secret Lab Is Building Batteries Of The Future,TSLA,Lorraine Lorenzo,06/26/19,11:31 PM,0.936,0.063,0.02,0.917
122,https://www.ibtimes.com/tesla-track-set-all-time-record-delivery-elon-musk-confirms-2803178,"Tesla Is ‘On Track To Set All-Time Record’ Of Delivery, Elon Musk Confirms",TSLA,Kalyan Kumar,06/26/19,10:07 AM,0.9626,0.059000000000000004,0.023,0.9179999999999999
123,https://www.ibtimes.com/tesla-sentry-mode-teslacam-captures-craziest-videos-watch-2803076,Tesla Sentry Mode Teslacam Captures The Craziest Videos [WATCH],TSLA,Arthur Villasanta,06/26/19,7:00 AM,0.9656,0.12,0.052000000000000005,0.828
124,https://www.ibtimes.com/tesla-truck-makes-first-public-appearance-what-could-be-next-2803061,Tesla Truck Makes First Public Appearance: What Could Be Next?,TSLA,Lorraine Lorenzo,06/26/19,12:08 AM,0.9895,0.121,0.013000000000000001,0.866
125,https://www.ibtimes.com/tesla-wins-tariff-exclusion-aluminum-import-may-help-company-bottom-line-2802909,"Tesla Wins Tariff Exclusion On Aluminum Import, May Help Company Bottom Line",TSLA,Jerome Santos,06/25/19,10:15 PM,0.9874,0.126,0.039,0.835
126,https://www.ibtimes.com/tesla-pickup-fan-design-might-be-what-real-one-will-look-2802820,Tesla Pickup Fan Design Might Be What Real One Will Look Like,TSLA,Lorraine Lorenzo,06/24/19,11:37 PM,0.9784,0.094,0.025,0.8809999999999999
127,https://www.ibtimes.com/tesla-has-no-demand-problem-delivery-issue-2802812,"Tesla Has No Demand Problem, But Delivery Is An Issue",TSLA,Arthur Villasanta,06/24/19,10:39 PM,-0.9698,0.058,0.108,0.8340000000000001
128,https://www.ibtimes.com/spacex-ceo-elon-musk-mocked-tweet-mixing-mars-moon-2802744,SpaceX CEO Elon Musk Mocked For Tweet Mixing Up Mars With The Moon,ELON,Wesley Dockery,06/24/19,1:36 PM,0.8176,0.047,0.011000000000000001,0.9420000000000001
129,https://www.ibtimes.com/bright-red-tesla-semi-truck-spotted-supercharger-near-lathrop-facility-2802725,Bright Red Tesla Semi Truck Spotted At Supercharger Near Lathrop Facility,TSLA,Kalyan Kumar,06/24/19,10:32 AM,0.9953,0.091,0.005,0.904
130,https://www.ibtimes.com/fans-support-tesla-reaching-quarterly-earnings-goal-through-volunteer-work-2802612,Fans Support Tesla In Reaching Quarterly Earnings Goal Through Volunteer Work,TSLA,Jerome Santos,06/24/19,8:13 AM,0.9799,0.114,0.032,0.8540000000000001
131,https://www.ibtimes.com/tesla-delivery-miss-q2-target-still-121-growth-2802601,"Tesla Delivery To Miss Q2 Target, Still 121% Growth",TSLA,Arthur Villasanta,06/23/19,11:11 PM,0.9666,0.087,0.038,0.875
132,https://www.ibtimes.com/tesla-pickup-concept-design-uses-clues-teaser-it-looks-gorgeous-2802605,Tesla Pickup Concept Design Uses Clues From Teaser And It Looks Gorgeous,TSLA,Lorraine Lorenzo,06/23/19,10:55 PM,0.8997,0.054000000000000006,0.032,0.915
133,https://www.ibtimes.com/tesla-samsung-collaboration-galaxy-note-10-special-edition-not-real-2802473,"Tesla, Samsung Collaboration For Galaxy Note 10 Special Edition Is Not Real",SSNLF,Jerome Santos,06/22/19,9:54 PM,-0.1531,0.012,0.014,0.974
134,https://www.ibtimes.com/tesla-safety-news-how-elon-musks-evs-actually-saved-lives-2802285,Tesla Safety News: How Elon Musk's EVs Actually Saved Lives,TSLA,Lorraine Lorenzo,06/21/19,1:39 AM,-0.5419,0.076,0.071,0.853
135,https://www.ibtimes.com/goldman-sachs-cuts-tesla-stock-price-42-expects-shares-continue-decline-2802159,"Goldman Sachs Cuts Tesla Stock Price By $42, Expects Shares To Continue Decline",TSLA,Kalyan Kumar,06/20/19,10:23 AM,0.9531,0.077,0.053,0.87
136,https://www.ibtimes.com/tesla-model-y-release-features-vegan-ev-cars-expected-next-year-2802059,"Tesla Model Y Release, Features: 'Vegan' EV Cars Expected Next Year",TSLA,Lorraine Lorenzo,06/19/19,11:38 PM,0.9696,0.086,0.035,0.879
137,https://www.ibtimes.com/tesla-news-new-video-game-turns-cars-brakes-steering-wheel-controller-2801910,"Tesla News: New Video Game Turns Car's Brakes, Steering Wheel Into Controller",TSLA,Kevin Billings,06/19/19,11:36 AM,0.4588,0.059,0.044,0.8959999999999999
138,https://www.ibtimes.com/tesla-pickup-truck-released-its-not-what-you-think-2801744,"Tesla Pickup Truck Released, But It's Not What You Think",TSLA,Lorraine Lorenzo,06/19/19,12:18 AM,0.9957,0.15,0.043,0.807
139,https://www.ibtimes.com/elon-musk-bizarre-twitter-activities-could-threaten-tesla-2801447,Elon Musk Bizarre Twitter Activities Could Threaten Tesla,TSLA,Lorraine Lorenzo,06/17/19,11:04 PM,-0.9594,0.077,0.117,0.8059999999999999
140,https://www.ibtimes.com/tesla-stock-55-news-elon-musk-deleted-twitter-potential-short-squeeze-2801444,"Tesla Stock Up 5.5% On News Elon Musk Deleted Twitter, Potential 'Short-Squeeze'",TSLA,Arthur Villasanta,06/17/19,10:05 PM,0.5187,0.068,0.053,0.88
141,https://www.ibtimes.com/tesla-already-installing-production-equipment-gigafactory-3-china-2801426,Tesla Is Already Installing Production Equipment At Gigafactory 3 In China,TSLA,Arthur Villasanta,06/17/19,8:14 PM,0.9099,0.041,0.0,0.959
142,https://www.ibtimes.com/tesla-news-ceo-elon-musk-said-he-deleted-his-twitter-account-2801307,Tesla News: CEO Elon Musk Said He Deleted His Twitter Account,ELON,Wesley Dockery,06/17/19,12:19 PM,0.3818,0.10300000000000001,0.084,0.813
143,https://www.ibtimes.com/mystery-tesla-car-spotted-la-it-new-model-s-2801138,Mystery Tesla Car Spotted In LA: Is It The New Model S?,TSLA,Arthur Villasanta,06/17/19,9:37 AM,0.8442,0.048,0.027000000000000003,0.925
144,https://www.ibtimes.com/where-will-tesla-be-1-year-2801103,Where Will Tesla Be In 1 Year?,TSLA,John Bromels,06/16/19,10:14 PM,0.9961,0.095,0.05,0.8540000000000001
145,https://www.ibtimes.com/tesla-news-russia-sends-toy-car-space-poke-fun-elon-musk-2801021,Tesla News: Russia Sends Toy Car Into Space To Poke Fun At Elon Musk,ELON,Wesley Dockery,06/16/19,11:30 AM,-0.828,0.052000000000000005,0.068,0.879
146,https://www.ibtimes.com/tesla-news-elon-musk-announces-james-bond-submarine-car-design-2800905,Tesla News: Elon Musk Announces James Bond-Like Submarine Car Design,TSLA,Wesley Dockery,06/15/19,10:22 AM,0.97,0.096,0.0,0.904
147,https://www.ibtimes.com/tesla-solar-roof-cost-high-benefits-justify-2800778,Tesla Solar Roof Cost Is High: Benefits Justify,TSLA,Kalyan Kumar,06/14/19,11:09 AM,0.9268,0.038,0.016,0.946
148,https://www.ibtimes.com/tesla-pickup-truck-features-why-it-not-everyone-2800635,Tesla Pickup Truck Features: Why Is It Not For Everyone?,TSLA,Lorraine Lorenzo,06/14/19,1:45 AM,0.9861,0.09300000000000001,0.012,0.8959999999999999
149,https://www.ibtimes.com/china-made-tesla-model-3-parts-pay-tariffs-us-wont-waive-taxes-2800613,"China-Made Tesla Model 3 Parts To Pay Tariffs, US Won’t Waive Taxes",TSLA,Kalyan Kumar,06/14/19,12:20 AM,-0.8462,0.027000000000000003,0.049,0.924
150,https://www.ibtimes.com/tesla-get-fallout-3-youtube-its-touchscreens-soon-musk-confirms-2800575,"Tesla To Get 'Fallout 3,' YouTube On Its Touchscreens Soon, Musk Confirms",TSLA,Arthur Villasanta,06/13/19,9:56 PM,0.9914,0.139,0.013000000000000001,0.8490000000000001
151,https://www.ibtimes.com/tesla-cyberpunk-truck-release-moves-what-we-know-so-far-2800280,Tesla Cyberpunk Truck Release Moves Up: What We Know So Far,TSLA,Lorraine Lorenzo,06/13/19,12:24 AM,0.9813,0.083,0.0,0.917
152,https://www.ibtimes.com/elon-musk-says-tesla-has-absolutely-no-demand-problem-2800277,Elon Musk Says Tesla Has 'Absolutely' No 'Demand Problem',TSLA,Arthur Villasanta,06/13/19,12:20 AM,0.9806,0.083,0.038,0.88
153,https://www.ibtimes.com/elon-musk-showcases-tesla-model-y-roadster-shareholder-meeting-2799926,"Elon Musk Showcases Tesla Model Y, Roadster At Shareholder Meeting",TSLA,Arthur Villasanta,06/12/19,12:04 AM,-0.1655,0.009000000000000001,0.011,0.981
154,https://www.ibtimes.com/elon-musk-reveals-tesla-cars-400-mile-range-are-coming-soon-2799890,Elon Musk Reveals Tesla Cars With 400-Mile Range Are Coming Soon,TSLA,Lorraine Lorenzo,06/11/19,10:18 PM,0.9786,0.081,0.006,0.9129999999999999
155,https://www.ibtimes.com/tesla-stock-jumps-6-ahead-annual-shareholders-meeting-2799563,Tesla Stock Jumps 6% Ahead Of Annual Shareholders Meeting,TSLA,Arthur Villasanta,06/10/19,11:57 PM,0.9563,0.111,0.069,0.82
156,https://www.ibtimes.com/how-tesla-pickup-truck-will-be-better-ford-f-series-2799560,How Tesla Pickup Truck Will Be Better Than Ford F-Series,TSLA,Lorraine Lorenzo,06/10/19,11:49 PM,0.9977,0.162,0.006,0.8320000000000001
157,https://www.ibtimes.com/teslas-reputation-takes-beating-employees-musk-approval-rating-drops-38-2799536,"Tesla's Reputation Takes A Beating From Employees, Musk Approval Rating Drops 38%",TSLA,Arthur Villasanta,06/10/19,10:03 PM,0.9706,0.093,0.044,0.863
158,https://www.ibtimes.com/tesla-model-y-rivals-audi-jaguar-recall-vehicles-safety-concerns-2799512,"Tesla Model Y Rivals From Audi, Jaguar Recall Vehicles For Safety Concerns",TSLA,Lorraine Lorenzo,06/10/19,9:59 PM,-0.7128,0.055999999999999994,0.075,0.868
159,https://www.ibtimes.com/tesla-cant-do-rivian-trucks-can-charge-each-other-2799393,Tesla Can’t Do This: Rivian Trucks Can Charge Each Other,USAK,Kalyan Kumar,06/10/19,11:06 AM,0.9747,0.061,0.006,0.933
160,https://www.ibtimes.com/spacex-starlink-has-hidden-agenda-tesla-elon-musk-make-billions-2799249,"SpaceX Starlink Has 'Hidden Agenda' For Tesla, Elon Musk To Make Billions",TSLA,Inigo Monzon,06/10/19,5:30 AM,0.9169,0.049,0.004,0.948
161,https://www.ibtimes.com/tesla-pickup-truck-design-not-what-youd-expect-heres-what-we-know-2799245,Tesla Pickup Truck Design Is Not What You'd Expect: Here’s What We Know,TSLA,Lorraine Lorenzo,06/10/19,1:22 AM,0.941,0.092,0.033,0.8759999999999999
162,https://www.ibtimes.com/tesla-downgrade-software-standard-range-model-3-2799219,Tesla To Downgrade Software On Standard Range Model 3,TSLA,Arthur Villasanta,06/09/19,11:45 PM,0.2263,0.035,0.028999999999999998,0.9359999999999999
163,https://www.ibtimes.com/elon-musk-knew-tesla-would-fail-start-10-chance-success-2798835,Elon Musk Knew Tesla Would Fail From Start: ’10% Chance Of Success’,ELON,Kalyan Kumar,06/07/19,10:47 AM,0.7394,0.056,0.048,0.8959999999999999
164,https://www.ibtimes.com/tesla-stock-surges-again-reports-musk-offers-incentives-record-deliveries-2798574,Tesla Stock Surges Again On Reports Musk Offers Incentives For Record Deliveries,TSLA,Arthur Villasanta,06/07/19,12:00 AM,0.9890000000000001,0.1,0.009000000000000001,0.892
165,https://www.ibtimes.com/tesla-pickup-truck-specs-design-better-porsche-according-musk-2798532,"Tesla Pickup Truck Specs, Design 'Better Than A Porsche' According To Musk",TSLA,Lorraine Lorenzo,06/06/19,10:42 PM,0.8054,0.066,0.034,0.9
166,https://www.ibtimes.com/tesla-safety-issues-worsen-aladdin-star-blames-elon-musk-company-accident-2798186,Tesla Safety Issues Worsen: ‘Aladdin’ Star Blames Elon Musk Company For Accident,TSLA,Lorraine Lorenzo,06/05/19,11:19 PM,-0.9278,0.042,0.08800000000000001,0.87
167,https://www.ibtimes.com/tesla-us-sales-jump-73-may-morgan-stanley-says-2798174,"Tesla US Sales Jump 73% In May, Morgan Stanley Says",TSLA,Arthur Villasanta,06/05/19,8:36 PM,0.9643,0.087,0.033,0.88
168,https://www.ibtimes.com/tesla-roadster-will-have-spacex-thrusters-3-gs-top-speed-musk-says-2798018,"Tesla Roadster Will Have SpaceX Thrusters With ‘3 Gs’ Top Speed, Musk Says",TSLA,Kalyan Kumar,06/05/19,10:49 AM,0.9442,0.069,0.033,0.898
169,https://www.ibtimes.com/apples-tesla-model-x-rival-could-have-battery-filled-floor-2797851,Apple’s Tesla Model X Rival Could Have Battery-Filled Floor,TSLA,Jerome Santos,06/05/19,12:58 AM,0.6275,0.043,0.026,0.931
170,https://www.ibtimes.com/elon-musks-tesla-could-have-app-gaming-store-platform-soon-2797847,Elon Musk's Tesla Could Have An App And Gaming Store Platform Soon,TSLA,Lorraine Lorenzo,06/05/19,12:08 AM,0.9476,0.053,0.012,0.935
171,https://www.ibtimes.com/tesla-enjoys-best-day-year-stock-jumps-8-2797832,Tesla Enjoys Best Day Of The Year As Stock Jumps 8%,TSLA,Arthur Villasanta,06/04/19,10:30 PM,0.3457,0.059,0.053,0.888
172,https://www.ibtimes.com/tesla-rescue-gm-fiat-chrysler-admit-buying-regulatory-credits-musks-company-2797469,"Tesla To The Rescue: GM, Fiat Chrysler Admit Buying Regulatory Credits From Musk’s Company",TSLA,Kalyan Kumar,06/04/19,12:48 AM,0.9947,0.138,0.011000000000000001,0.851
173,https://www.ibtimes.com/elon-musk-confirms-tesla-model-y-will-be-produced-fremont-california-2797461,"Elon Musk Confirms Tesla Model Y Will Be Produced At Fremont, California",TSLA,Arthur Villasanta,06/04/19,12:32 AM,0.9477,0.056,0.014,0.929
174,https://www.ibtimes.com/americas-renewable-energy-future-isnt-evenly-distributed-2797092,America's Renewable Energy Future Isn't Evenly Distributed,RNWB,Maxx Chatsko,06/03/19,12:25 AM,0.9988,0.14800000000000002,0.03,0.8220000000000001
175,https://www.ibtimes.com/elon-musk-reveals-tesla-pickup-trucks-price-well-under-50000-2797070,"Elon Musk Reveals Tesla Pickup Truck's Price: ‘Well Under $50,000’",TSLA,Arthur Villasanta,06/02/19,11:11 PM,0.9827,0.075,0.004,0.921
176,https://www.ibtimes.com/tesla-news-will-elon-musks-car-company-turn-second-half-profit-2019-2796941,Tesla News: Will Elon Musk's Car Company Turn A Second-Half Profit In 2019?,TSLA,Wesley Dockery,06/01/19,4:29 PM,-0.1154,0.09300000000000001,0.084,0.823
177,https://www.ibtimes.com/tesla-may-need-advertising-new-rivals-rise-2796891,Tesla May Need Advertising As New Rivals Rise Up,TSLA,Jerome Santos,06/01/19,3:25 AM,0.9829,0.093,0.022,0.885
178,https://www.ibtimes.com/elon-musk-tesla-attacked-fossil-fuel-groups-traditional-car-makers-2796552,"Elon Musk Tesla 'Attacked' By Fossil Fuel Groups, Traditional Car Makers?",TSLA,Lorraine Lorenzo,05/30/19,10:44 PM,-0.8854,0.07200000000000001,0.092,0.835
179,https://www.ibtimes.com/ferrari-electric-hybrid-supercar-challenges-tesla-brands-fastest-most-powerful-ever-2796252,"Ferrari Electric Hybrid Supercar Challenges Tesla; Is Brand's Fastest, Most Powerful Ever",RACE,Arthur Villasanta,05/30/19,12:40 AM,0.9926,0.109,0.006,0.884
180,https://www.ibtimes.com/tesla-model-3-why-you-should-buy-elon-musks-sedan-2796174,Tesla Model 3: Why You Should Buy Elon Musk's Sedan,TSLA,Lorraine Lorenzo,05/29/19,11:02 PM,0.9956,0.132,0.021,0.847
181,https://www.ibtimes.com/teslas-elon-musk-pokes-fun-audi-e-tron-french-s-t-2796188,"Tesla’s Elon Musk Pokes Fun At Audi E-Tron, French For ’S—t’",ELON,Kalyan Kumar,05/29/19,11:00 PM,0.9818,0.075,0.009000000000000001,0.916
182,https://www.ibtimes.com/tesla-be-acquired-tech-firm-year-nyu-professor-predicts-2796134,"Tesla To Be Acquired By A Tech Firm This Year, NYU Professor Predicts",TSLA,Arthur Villasanta,05/29/19,8:38 PM,0.8769,0.067,0.040999999999999995,0.892
183,https://www.ibtimes.com/tesla-starts-pre-orders-china-made-model-3-may-31-2796006,Tesla Starts Pre-Orders For China-Made Model 3 On May 31,TSLA,Kalyan Kumar,05/29/19,10:45 AM,0.9911,0.093,0.015,0.892
184,https://www.ibtimes.com/tesla-make-surprise-announcement-china-2795805,Tesla To Make A Surprise Announcement In China,TSLA,Daniel Sparks,05/28/19,11:56 PM,-0.2992,0.062,0.048,0.889
185,https://www.ibtimes.com/fiat-chrysler-renault-merger-could-kill-tesla-jeep-ev-may-happen-soon-2795781,"Fiat Chrysler-Renault Merger Could Kill Tesla, Jeep EV May Happen Soon",FCAU,Arthur Villasanta,05/28/19,11:12 PM,0.9914,0.104,0.011,0.885
186,https://www.ibtimes.com/tesla-model-3-made-china-could-have-50700-price-tag-2795642,"Tesla Model 3 Made In China Could Have $50,700 Price Tag",TSLA,Kalyan Kumar,05/28/19,10:39 AM,0.6705,0.027999999999999997,0.017,0.955
187,https://www.ibtimes.com/tesla-model-3-reasons-not-buy-elon-musks-electric-sedan-2795379,Tesla Model 3: Reasons To Not Buy Elon Musk’s Electric Sedan,TSLA,Lorraine Lorenzo,05/27/19,11:59 PM,0.9957,0.146,0.029,0.825
188,https://www.ibtimes.com/tesla-raven-suspension-model-x-model-y-looks-totally-different-2795363,"Tesla ‘Raven’ Suspension For Model X, Model Y Looks Totally Different",TSLA,Lorraine Lorenzo,05/27/19,11:15 PM,0.9883,0.10400000000000001,0.0,0.8959999999999999
189,https://www.ibtimes.com/tesla-begins-delivery-standard-model-3-locked-features-2795345,Tesla Begins Delivery Of Standard Model 3 With Locked Features,TSLA,Arthur Villasanta,05/27/19,9:14 PM,0.6369,0.033,0.017,0.95
190,https://www.ibtimes.com/tesla-autopilot-safety-issues-continue-ev-slams-another-car-2795153,Tesla Autopilot Safety Issues Continue As EV Slams Into Another Car,TSLA,Lorraine Lorenzo,05/27/19,12:24 AM,-0.9665,0.068,0.11599999999999999,0.8170000000000001
191,https://www.ibtimes.com/tesla-model-3-beats-bmw-m3-audi-rs4-drag-race-2795127,"Tesla Model 3 Beats BMW M3, Audi RS4 In A Drag Race",TSLA,Kalyan Kumar,05/26/19,10:44 PM,0.8198,0.086,0.065,0.85
192,https://www.ibtimes.com/tesla-doomed-2795097,Is Tesla Doomed?,TSLA,Adam Levine-Weinberg,05/26/19,9:12 PM,-0.9936,0.068,0.11699999999999999,0.816
193,https://www.ibtimes.com/fiat-chrysler-renault-merger-advanced-talks-may-announce-partnership-tomorrow-2795091,"Fiat Chrysler, Renault Merger In Advanced Talks, May Announce Partnership Tomorrow",RNLSY,Arthur Villasanta,05/26/19,8:50 PM,0.9698,0.077,0.013,0.91
194,https://www.ibtimes.com/nissan-competes-tesla-autopilot-system-using-improved-self-driving-feature-2794997,Nissan Competes With Tesla Autopilot System Using Improved Self-Driving Feature,NSANY,Jerome Santos,05/26/19,3:14 AM,0.9393,0.063,0.018000000000000002,0.919
195,https://www.ibtimes.com/why-elon-musk-thinks-using-lidar-technology-self-driving-cars-freaking-stupid-2794731,Why Elon Musk Thinks Using Lidar Technology For Self-Driving Cars Is ‘Freaking Stupid’,ELON,Dawn Geske,05/24/19,10:35 AM,-0.31,0.07200000000000001,0.07,0.858
196,https://www.ibtimes.com/tesla-model-3-rival-vauxhall-corsa-e-specs-price-release-date-2794524,"Tesla Model 3 Rival Vauxhall Corsa-e Specs, Price And Release Date",TSLA,Lorraine Lorenzo,05/24/19,1:12 AM,0.9895,0.098,0.006999999999999999,0.895
197,https://www.ibtimes.com/tesla-track-break-sales-record-quarter-elon-musks-email-says-2794509,"Tesla On Track To Break Sales Record This Quarter, Elon Musk's Email Says",TSLA,Kalyan Kumar,05/23/19,10:37 PM,-0.2037,0.053,0.061,0.8859999999999999
198,https://www.ibtimes.com/tesla-deliveries-might-surge-q2-2794484,Tesla Deliveries Might Surge In Q2,TSLA,Daniel Sparks,05/23/19,9:05 PM,0.9846,0.11599999999999999,0.052000000000000005,0.831
199,https://www.ibtimes.com/elon-musk-takes-shot-jeff-bezos-says-moon-settlement-plan-makes-no-sense-2794415,Elon Musk Takes A Shot At Jeff Bezos: Says Moon Settlement Plan ‘Makes No Sense’,ELON,Dawn Geske,05/23/19,2:05 PM,-0.2462,0.044,0.053,0.903
200,https://www.ibtimes.com/elon-musk-hires-meme-maker-teslas-social-media-manager-2794215,Elon Musk Hires Meme Maker As Tesla’s Social Media Manager,ELON,Arthur Villasanta,05/22/19,11:55 PM,0.9862,0.113,0.021,0.866
201,https://www.ibtimes.com/will-apple-buy-tesla-year-morgan-stanley-says-dont-count-it-2794212,Will Apple Buy Tesla This Year? Morgan Stanley Says Don’t Count On It,TSLA,Kalyan Kumar,05/22/19,10:27 PM,0.9751,0.132,0.103,0.765
202,https://www.ibtimes.com/amazons-jeff-bezos-very-excited-electric-cars-rivian-investment-grows-2793920,Amazon's Jeff Bezos 'Very Excited' With Electric Cars As Rivian Investment Grows,AMZN,Arthur Villasanta,05/22/19,7:00 AM,0.9946,0.134,0.003,0.863
203,https://www.ibtimes.com/apple-wanted-buy-tesla-fire-elon-musk-2013-2793927,Apple Wanted To Buy Tesla And Fire Elon Musk In 2013,AAPL,Arthur Villasanta,05/22/19,12:27 AM,0.8076,0.043,0.029,0.928
204,https://www.ibtimes.com/elon-musk-tesla-bring-back-unlimited-supercharging-despite-sustainability-concerns-2793933,"Elon Musk, Tesla Bring Back Unlimited Supercharging Despite Sustainability Concerns",TSLA,Lorraine Lorenzo,05/22/19,12:21 AM,0.9949,0.125,0.013000000000000001,0.862
205,https://www.ibtimes.com/morgan-stanley-sees-tesla-shares-falling-10-worst-case-scenario-2793876,Morgan Stanley Sees Tesla Shares Falling To $10 In Worst-Case Scenario,TSLA,Arthur Villasanta,05/21/19,8:43 PM,0.8057,0.058,0.054000000000000006,0.888
206,https://www.ibtimes.com/video-shows-shanghai-tesla-gigafactory-3-almost-complete-sci-fi-projects-still-2793597,"Video Shows Shanghai Tesla Gigafactory 3 Is Almost Complete, 'Sci-Fi' Projects Still Possible",TSLA,Arthur Villasanta,05/21/19,12:42 AM,0.9718,0.059000000000000004,0.01,0.9309999999999999
207,https://www.ibtimes.com/2-million-us-solar-installations-are-just-start-2793584,2 Million US Solar Installations Are Just The Start,KR5301985382.KOR,Travis Hoium,05/21/19,12:00 AM,0.9984,0.149,0.041,0.81
208,https://www.ibtimes.com/tesla-model-y-design-not-crossover-says-designer-2793563,"Tesla Model Y Design: 'Not A Crossover,' Says Designer",TSLA,Lorraine Lorenzo,05/20/19,11:57 PM,0.9588,0.069,0.02,0.9109999999999999
209,https://www.ibtimes.com/elon-musk-hints-fortnite-could-be-installed-tesla-cars-soon-2793293,Elon Musk Hints 'Fortnite' Could Be Installed On Tesla Cars Soon,ELON,Arthur Villasanta,05/20/19,7:50 AM,0.9741,0.102,0.023,0.875
210,https://www.ibtimes.com/tesla-roadster-2020-appearance-performance-shown-concept-video-2793272,Tesla Roadster 2020 Appearance And Performance Shown In Concept Video,TSLA,Jerome Santos,05/20/19,12:07 AM,0.9597,0.063,0.0,0.937
211,https://www.ibtimes.com/tesla-cuts-costs-curb-bankruptcy-10-years-model-y-could-be-its-hope-2793111,Tesla Cuts Costs To Curb Bankruptcy In 10 Years; Model Y Could Be Its Hope,TSLA,Jerome Santos,05/19/19,7:18 AM,0.5423,0.047,0.041,0.912
212,https://www.ibtimes.com/tesla-cut-costs-again-2792924,Tesla To Cut Costs (Again),TSLA,Daniel Sparks,05/17/19,4:10 PM,0.4363,0.078,0.068,0.8540000000000001
213,https://www.ibtimes.com/tesla-model-3-autopilot-feature-blame-death-driver-crash-2792690,Tesla Model 3 Autopilot Feature To Blame For Death Of Driver In Crash,TSLA,Arthur Villasanta,05/17/19,8:00 AM,-0.9738,0.066,0.105,0.8290000000000001
214,https://www.ibtimes.com/elon-musk-net-worth-how-much-tesla-spacex-ceo-worth-2792412,"Elon Musk Net Worth: How Much Is The Tesla, SpaceX CEO Worth?",ELON,Arthur Villasanta,05/16/19,8:30 AM,0.9863,0.125,0.04,0.835
215,https://www.ibtimes.com/tesla-model-3-beats-alfa-romeo-drag-race-video-2792420,Tesla Model 3 Beats Alfa Romeo In a Drag Race [Video],TSLA,Kalyan Kumar,05/16/19,7:30 AM,0.989,0.106,0.034,0.86
216,https://www.ibtimes.com/tesla-ups-vehicle-prices-will-model-ys-price-go-too-2792166,Tesla Ups Vehicle Prices: Will Model Y's Price Go Up Too?,TSLA,Jerome Santos,05/15/19,3:32 AM,-0.9328,0.034,0.066,0.9009999999999999
217,https://www.ibtimes.com/electric-vehicle-revolution-will-come-china-not-us-2792138,"The Electric Vehicle Revolution Will Come From China, Not The US",GE,Jack Barkenbus,05/15/19,1:09 AM,0.9946,0.095,0.037000000000000005,0.868
218,https://www.ibtimes.com/elon-musks-tesla-car-safety-concerns-worsen-incidents-explosions-increase-2792051,Elon Musk’s Tesla Car Safety Concerns Worsen As Incidents Of 'Explosions' Increase,TSLA,Lorraine Lorenzo,05/15/19,12:07 AM,-0.9918,0.066,0.125,0.809
219,https://www.ibtimes.com/tesla-model-3-price-increase-no-more-35000-ev-2792105,"Tesla Model 3 Price Increase, No More $35,000 EV",TSLA,Arthur Villasanta,05/15/19,12:06 AM,0.9787,0.092,0.044,0.8640000000000001
220,https://www.ibtimes.com/are-tesla-cars-safe-tesla-model-s-85-catches-fire-hong-kong-parking-lot-2791958,Are Tesla Cars Safe? Tesla Model S 85 Catches Fire In Hong Kong Parking Lot,TSLA,Wesley Dockery,05/14/19,12:50 PM,-0.93,0.040999999999999995,0.08199999999999999,0.877
221,https://www.ibtimes.com/elon-musk-be-honored-stephen-hawking-award-his-role-promoting-science-2791959,Elon Musk To Be Honored With The Stephen Hawking Award For His Role In Promoting Science,ELON,Dawn Geske,05/14/19,11:27 AM,0.9955,0.212,0.013,0.775
222,https://www.ibtimes.com/tesla-critic-bets-10000-elon-musk-wont-reach-2019-goals-autopilot-robotaxis-2791776,"Tesla Critic Bets $10,000 Elon Musk Won’t Reach 2019 Goals On Autopilot, Robotaxis",TSLA,Arthur Villasanta,05/14/19,7:30 AM,0.9692,0.09,0.031,0.879
223,https://www.ibtimes.com/tesla-model-y-production-downside-battery-shortage-anticipated-2791748,Tesla Model Y Production Downside: Battery Shortage Anticipated,TSLA,Jerome Santos,05/13/19,11:58 PM,-0.8402,0.017,0.044,0.94
224,https://www.ibtimes.com/tesla-stock-hits-lowest-2017-us-china-tariff-scare-2791734,Tesla Stock Hits Lowest Since 2017 On US-China Tariff Scare,TSLA,Arthur Villasanta,05/13/19,10:16 PM,-0.9918,0.040999999999999995,0.122,0.8370000000000001
225,https://www.ibtimes.com/tesla-model-y-rival-audi-e-tron-reportedly-suffers-delays-customers-fined-canceling-2791505,Tesla Model Y Rival Audi E-Tron Reportedly Suffers Delays; Customers Fined For Canceling,AUDC,Jerome Santos,05/13/19,5:38 AM,-0.9493,0.022,0.069,0.909
226,https://www.ibtimes.com/elonroad-charges-tesla-evs-while-driving-charging-system-launch-sweden-2791475,"Elonroad Charges Tesla, EVs While Driving, Charging System To Launch In Sweden",TSLA,Kalyan Kumar,05/13/19,1:48 AM,0.9371,0.07200000000000001,0.042,0.8859999999999999
227,https://www.ibtimes.com/tesla-model-y-features-crossover-suv-seen-reliable-roader-2791470,Tesla Model Y Features: Crossover SUV Seen As Reliable Off-Roader?,TSLA,Lorraine Lorenzo,05/13/19,1:30 AM,0.9881,0.105,0.016,0.88
228,https://www.ibtimes.com/tesla-ceo-elon-musk-faces-trial-calling-british-diver-pedo-2791412,Tesla CEO Elon Musk Faces Trial For Calling British Diver 'Pedo',ELON,Arthur Villasanta,05/12/19,9:46 PM,-0.988,0.08,0.141,0.779
229,https://www.ibtimes.com/tesla-voted-most-loved-brand-2019-new-car-awards-autotrader-2791397,Tesla Voted Most Loved Brand In 2019 New Car Awards By Autotrader,TSLA,Arthur Villasanta,05/12/19,8:11 PM,0.9933,0.149,0.006999999999999999,0.8440000000000001
230,https://www.ibtimes.com/tesla-model-y-prototype-spotted-cruising-along-california-streets-potentially-filming-2791322,Tesla Model Y Prototype Spotted Cruising Along California Streets; Potentially Filming Promotion,TSLA,Jerome Santos,05/12/19,6:00 AM,-0.2263,0.009000000000000001,0.011000000000000001,0.981
231,https://www.ibtimes.com/tesla-potentially-hampered-own-sales-analysts-say-2791197,"Tesla Potentially Hampered By Own Sales, Analysts Say",TSLA,Jerome Santos,05/11/19,5:37 AM,0.9509,0.07,0.024,0.906
232,https://www.ibtimes.com/elon-musk-pokes-fun-jeff-bezos-blue-origin-announcement-2791078,Elon Musk Pokes Fun At Jeff Bezos’ Blue Origin Announcement,ELON,Dawn Geske,05/10/19,10:32 AM,-0.4767,0.011000000000000001,0.027000000000000003,0.961
233,https://www.ibtimes.com/dyson-quietly-prepares-tesla-model-y-rival-should-elon-musk-be-worried-2790978,Dyson Quietly Prepares Tesla Model Y Rival: Should Elon Musk Be Worried?,TSLA,Lorraine Lorenzo,05/10/19,1:52 AM,0.9013,0.049,0.015,0.936
234,https://www.ibtimes.com/volkswagens-tesla-killer-id3-electric-gets-10000-preorders-24-hours-2790975,"Volkswagen’s Tesla Killer, ID.3 Electric, Gets 10,000 Preorders In 24 Hours",ID,Arthur Villasanta,05/10/19,1:08 AM,0.9737,0.057,0.006,0.937
235,https://www.ibtimes.com/tesla-top-search-pornhub-over-autopilot-porn-video-2790966,Tesla Is Top Search On Pornhub Over Autopilot Porn Video,TSLA,Arthur Villasanta,05/10/19,12:50 AM,0.7679,0.049,0.032,0.92
236,https://www.ibtimes.com/ev-orders-start-vw-mercedes-customers-starting-lining-get-their-own-electric-vehicle-2790871,EV Orders Start: VW And Mercedes Customers Starting Lining Up To Get Their Own Electric Vehicle,GE,Dawn Geske,05/09/19,2:23 PM,0.8885,0.051,0.0,0.9490000000000001
237,https://www.ibtimes.com/tesla-model-s-update-causes-performance-bug-struggles-limited-power-2790824,"Tesla Model S Update Causes Performance Bug, Struggles With Limited Power",TSLA,Kalyan Kumar,05/09/19,10:25 AM,-0.9874,0.031,0.12,0.848
238,https://www.ibtimes.com/volkswagen-launches-tesla-killer-id3-electric-car-now-available-preorder-2790721,"Volkswagen Launches Tesla Killer ID.3 Electric Car, Now Available For Preorder",VOW5.DEX,Arthur Villasanta,05/09/19,12:32 AM,0.94,0.051,0.009000000000000001,0.9390000000000001
239,https://www.ibtimes.com/tesla-model-3-now-has-tow-hitch-feature-available-only-europe-2790596,"Tesla Model 3 Now Has Tow Hitch Feature, Available Only In Europe",TSLA,Kalyan Kumar,05/08/19,10:24 AM,0.936,0.09,0.052000000000000005,0.858
240,https://www.ibtimes.com/top-5-energy-technologies-expect-2020s-2790554,Top 5 Energy Technologies To Expect In The 2020s,EGYH,Bruce F Nagy,05/08/19,6:00 AM,0.9998,0.165,0.068,0.767
241,https://www.ibtimes.com/apples-tesla-model-x-rival-project-titan-car-feature-confidence-algorithm-2790548,Apple’s Tesla Model X Rival ‘Project Titan’ Car To Feature ‘Confidence’ Algorithm,AAPL,Julio Cachila,05/08/19,5:24 AM,0.9917,0.117,0.0,0.883
242,https://www.ibtimes.com/tesla-model-y-rival-kia-niro-ev-disappoints-putting-acceleration-2790502,Tesla Model Y Rival Kia Niro EV Disappoints With ‘Off-Putting Acceleration’,TSLA,Lorraine Lorenzo,05/08/19,2:17 AM,-0.9071,0.077,0.092,0.831
243,https://www.ibtimes.com/elon-musk-loads-more-tesla-stock-2790481,Elon Musk Loads Up On More Tesla Stock,ELON,Daniel Sparks,05/07/19,11:59 PM,0.993,0.142,0.034,0.8240000000000001
244,https://www.ibtimes.com/mercedes-benz-commences-tesla-model-y-rival-eqc-production-ahead-elon-musks-suv-2790312,Mercedes-Benz Commences Tesla Model Y Rival EQC Production Ahead Of Elon Musk’s SUV,TSLA,Jerome Santos,05/07/19,5:30 AM,0.9032,0.052000000000000005,0.017,0.932
245,https://www.ibtimes.com/why-reducing-carbon-emissions-cars-trucks-will-be-so-hard-2790284,Why Reducing Carbon Emissions From Cars And Trucks Will Be So Hard,CBLK,David Keith,05/07/19,1:05 AM,0.993,0.075,0.025,0.9
246,https://www.ibtimes.com/video-shows-tesla-model-3-autopilot-saves-driver-collision-2790280,Video Shows Tesla Model 3 Autopilot Saves Driver From Collision,TSLA,Kalyan Kumar,05/07/19,12:49 AM,-0.743,0.091,0.114,0.794
247,https://www.ibtimes.com/tesla-ceo-elon-musks-promises-are-lot-horses-t-says-david-einhorn-2790255,"Tesla CEO Elon Musk's Promises Are 'A Lot Of Horses--t', Says David Einhorn",DTEA,Arthur Villasanta,05/07/19,12:19 AM,-0.8718,0.09,0.11,0.8
248,https://www.ibtimes.com/tesla-gm-ford-heated-race-first-electric-pickup-us-2790065,"Tesla, GM, Ford In Heated Race For First Electric Pickup In US",TSLA,Arthur Villasanta,05/05/19,11:34 PM,0.9781,0.08,0.035,0.885
249,https://www.ibtimes.com/video-shows-tesla-model-s-impressively-floats-through-floods-2790061,Video Shows Tesla Model S Impressively Floats Through Floods,TSLA,Kalyan Kumar,05/05/19,10:35 PM,0.9404,0.068,0.026,0.906
250,https://www.ibtimes.com/tesla-guards-important-company-data-announcements-leaks-fire-leaker-employees-2790008,"Tesla Guards Important Company Data, Announcements From Leaks, To Fire Leaker Employees",TSLA,Jerome Santos,05/05/19,5:30 AM,-0.3818,0.085,0.08900000000000001,0.826
251,https://www.ibtimes.com/tesla-autopilot-prevents-accidents-new-ever-present-features-2789952,"Tesla Autopilot Prevents Accidents With New, Ever-Present Features",TSLA,Jerome Santos,05/04/19,6:23 AM,0.984,0.103,0.028,0.868
252,https://www.ibtimes.com/tesla-reaffirms-guidance-90000-100000-deliveries-q2-2789885,"Tesla Reaffirms Guidance For 90,000 To 100,000 Deliveries In Q2",TSLA,Daniel Sparks,05/03/19,3:10 PM,0.987,0.12300000000000001,0.025,0.852
253,https://www.ibtimes.com/tesla-self-driving-will-boost-market-cap-500b-elon-musk-says-2789586,"Tesla Self Driving Will Boost Market Cap To $500B, Elon Musk Says",TSLA,Arthur Villasanta,05/02/19,9:18 PM,0.8658,0.066,0.022,0.912
254,https://www.ibtimes.com/spacex-cryptocurrency-possible-binance-ceo-pitches-idea-elon-musk-2789507,"SpaceX Cryptocurrency Possible, Binance CEO Pitches Idea To Elon Musk",ELON,Kalyan Kumar,05/02/19,10:34 AM,0.9876,0.096,0.019,0.885
255,https://www.ibtimes.com/tesla-sells-cheaper-model-3-canada-shorter-range-2789329,Tesla Sells Cheaper Model 3 In Canada With Shorter Range,TSLA,Arthur Villasanta,05/01/19,11:27 PM,0.8945,0.052000000000000005,0.019,0.929
256,https://www.ibtimes.com/tesla-autopilot-may-have-killed-apple-employee-fatal-crash-2789305,Tesla Autopilot May Have Killed Apple Employee In Fatal Crash,TSLA,Lorraine Lorenzo,05/01/19,9:39 PM,-0.4229,0.061,0.08900000000000001,0.85
257,https://www.ibtimes.com/gm-preps-tesla-pickup-truck-rival-company-explores-ev-future-2789111,GM Preps Tesla Pickup Truck Rival As Company Explores ‘EV Future’,USAK,Jerome Santos,05/01/19,5:30 AM,0.9612,0.066,0.005,0.929
258,https://www.ibtimes.com/tesla-boost-solar-rooftop-panel-business-slashing-prices-40-2789150,Tesla To Boost Solar Rooftop Panel Business By Slashing Prices 40%,TSLA,Kalyan Kumar,05/01/19,5:29 AM,0.8988,0.053,0.028999999999999998,0.9179999999999999
259,https://www.ibtimes.com/tesla-model-3-update-when-will-elon-musks-gigafactory-3-begin-production-2789094,Tesla Model 3 Update: When Will Elon Musk’s Gigafactory 3 Begin Production?,TSLA,Jerome Santos,05/01/19,3:04 AM,0.8957,0.039,0.0,0.961
260,https://www.ibtimes.com/tesla-pickup-truck-release-date-price-what-we-know-so-far-2789078,"Tesla Pickup Truck Release Date, Price: What We Know So Far",TSLA,Lorraine Lorenzo,04/30/19,11:57 PM,0.981,0.07400000000000001,0.0,0.9259999999999999
261,https://www.ibtimes.com/tesla-referral-program-update-new-incentives-different-competition-2788856,Tesla Referral Program Update: New Incentives Different From Competition,TSLA,Jerome Santos,04/30/19,3:26 AM,0.9968,0.191,0.006999999999999999,0.802
262,https://www.ibtimes.com/tesla-gets-massive-model-3-orders-sales-western-europe-surge-2788778,Tesla Gets Massive Model 3 Orders As Sales In Western Europe Surge,TSLA,Arthur Villasanta,04/29/19,11:35 PM,0.9783,0.078,0.012,0.909
263,https://www.ibtimes.com/tesla-pickup-truck-specs-release-could-concept-be-better-real-thing-2788765,"Tesla Pickup Truck Specs, Release: Could Concept Be Better Than The Real Thing?",TSLA,Lorraine Lorenzo,04/29/19,10:39 PM,0.9772,0.096,0.033,0.871
264,https://www.ibtimes.com/victims-tennessee-killing-spree-identified-relatives-killer-michael-cummins-2788739,"Victims In Tennessee Killing Spree Identified As Relatives Of Killer, Michael Cummins",TVE,Kevin Billings,04/29/19,4:00 PM,-0.9974,0.012,0.20600000000000002,0.7829999999999999
265,https://www.ibtimes.com/tesla-shows-model-y-deep-blue-metallic-paint-outside-seat-factory-2788583,Tesla Shows Off Model Y In Deep Blue Metallic Paint Outside Seat Factory,TSLA,Jerome Santos,04/29/19,3:25 AM,0.9493,0.056,0.0,0.944
266,https://www.ibtimes.com/tesla-pickup-truck-looks-bold-unapologetically-futuristic-new-concept-art-2788520,Tesla Pickup Truck Looks ‘Bold And Unapologetically Futuristic’ In New Concept Art,TSLA,Lorraine Lorenzo,04/29/19,12:16 AM,0.9764,0.094,0.011000000000000001,0.895
267,https://www.ibtimes.com/tesla-rival-byd-posts-633-jump-q1-profit-china-market-strengthens-2788503,Tesla Rival BYD Posts 633% Jump In Q1 Profit As China Market Strengthens,TSLA,Arthur Villasanta,04/28/19,10:57 PM,0.989,0.105,0.008,0.8859999999999999
268,https://www.ibtimes.com/elon-musks-tesla-roadster-trunk-space-little-bigger-standard-supercar-segment-2788469,Elon Musk’s Tesla Roadster Trunk Space ‘Little Bigger’ Than Standard In Supercar Segment,TSLA,Lorraine Lorenzo,04/28/19,10:42 PM,0.9864,0.111,0.018000000000000002,0.871
269,https://www.ibtimes.com/tesla-expands-referral-program-offer-7500-supercharge-kilometers-free-2788489,"Tesla Expands Referral Program To Offer 7,500 Supercharge Kilometers Free",TSLA,Kalyan Kumar,04/28/19,10:20 PM,0.9955,0.17800000000000002,0.013,0.81
270,https://www.ibtimes.com/tesla-ceo-elon-musk-reaches-agreement-sec-2788340,Tesla CEO Elon Musk Reaches An Agreement With The SEC,ELON,Daniel Sparks,04/27/19,7:27 AM,0.9771,0.133,0.091,0.7759999999999999
271,https://www.ibtimes.com/tesla-model-y-delayed-because-elon-musk-cant-decide-where-build-suv-2788050,Tesla Model Y Delayed Because Elon Musk Can't Decide Where To Build SUV?,TSLA,Lorraine Lorenzo,04/25/19,10:08 PM,-0.0264,0.035,0.03,0.935
272,https://www.ibtimes.com/tesla-declares-war-waymos-lidar-technology-2787767,Tesla Declares War On Waymo's Lidar Technology,TSLA,Billy Duberstein,04/24/19,11:40 PM,0.9964,0.099,0.03,0.871
273,https://www.ibtimes.com/tesla-faces-most-difficult-logistics-problem-loses-702m-q1-2787761,"Tesla Faces ’Most Difficult Logistics Problem,’ Loses $702M In Q1",TSLA,Arthur Villasanta,04/24/19,11:31 PM,-0.9564,0.06,0.093,0.847
274,https://www.ibtimes.com/tesla-model-s-model-x-get-new-motors-boost-range-power-2787734,"Tesla Model S And Model X Get New Motors, Boost Range And Power",TSLA,Arthur Villasanta,04/24/19,8:36 PM,0.9694,0.067,0.006,0.9279999999999999
275,https://www.ibtimes.com/new-tesla-battery-will-last-1-million-miles-going-production-next-year-2787552,"New Tesla Battery Will Last 1 Million Miles, Going Into Production Next Year",TSLA,Arthur Villasanta,04/24/19,7:00 AM,0.9426,0.067,0.01,0.923
276,https://www.ibtimes.com/tesla-roadster-features-advanced-tech-will-let-owners-open-vehicle-finger-swipe-2787589,Tesla Roadster Features: Advanced Tech Will Let Owners Open Vehicle With Finger Swipe,TSLA,Lorraine Lorenzo,04/24/19,5:30 AM,0.9864,0.092,0.019,0.889
277,https://www.ibtimes.com/hydrogen-cars-appear-dead-evs-take-reins-2787527,Hydrogen Cars Appear Dead As EVs Take The Reins,HYGS,Travis Hoium,04/24/19,12:01 AM,0.8527,0.084,0.055,0.861
278,https://www.ibtimes.com/tesla-robotaxi-elon-musk-confident-hybrid-ride-sharing-network-venture-will-succeed-2787246,"Tesla ‘Robotaxi’: Elon Musk ‘Confident’ Hybrid, Ride-Sharing Network Venture Will Succeed",TSLA,Lorraine Lorenzo,04/23/19,1:48 AM,0.9939,0.14300000000000002,0.034,0.823
279,https://www.ibtimes.com/tesla-roadster-release-date-price-performance-everything-we-know-so-far-2787224,"Tesla Roadster Release Date, Price, Performance And Everything We Know So Far",TSLA,Lorraine Lorenzo,04/23/19,1:29 AM,0.9719,0.099,0.02,0.8809999999999999
280,https://www.ibtimes.com/elon-musk-mocks-tesla-competition-lidar-fools-errand-2787159,Elon Musk Mocks Tesla Competition: 'Lidar Is A Fool’s Errand',ELON,Arthur Villasanta,04/22/19,8:14 PM,0.8156,0.08,0.059000000000000004,0.861
281,https://www.ibtimes.com/tesla-model-s-explodes-while-parked-china-investigation-already-underway-2786942,"Tesla Model S Explodes While Parked In China, Investigation Already Underway",TSLA,Arthur Villasanta,04/22/19,12:59 AM,-0.8779,0.045,0.081,0.8740000000000001
282,https://www.ibtimes.com/why-tesla-model-y-rival-audi-e-tron-production-slowing-down-2786937,Why Tesla Model Y Rival Audi E-Tron Production Is Slowing Down,TSLA,Lorraine Lorenzo,04/22/19,12:49 AM,0.1779,0.065,0.063,0.872
283,https://www.ibtimes.com/elon-musks-tesla-surprisingly-fails-lead-autonomous-driving-technology-2786913,Elon Musk’s Tesla Surprisingly Fails To Lead Autonomous Driving Technology,ELON,Lorraine Lorenzo,04/22/19,12:04 AM,0.9648,0.098,0.039,0.863
284,https://www.ibtimes.com/tesla-model-3-inventory-now-online-available-immediate-delivery-2786898,"Tesla Model 3 Inventory Now Online, Available For 'Immediate' Delivery",TSLA,Arthur Villasanta,04/21/19,10:08 PM,0.3182,0.04,0.026000000000000002,0.934
285,https://www.ibtimes.com/solar-energy-2019-will-be-record-year-industry-2786861,Solar Energy 2019: Will This Be A Record Year For The Industry?,FSLR,Travis Hoium,04/21/19,6:34 PM,0.9986,0.199,0.043,0.758
286,https://www.ibtimes.com/tesla-board-directors-shakeup-how-will-affect-company-2786834,Tesla Board Of Directors Shakeup: How Will This Affect Company?,TSLA,Jerome Santos,04/21/19,3:37 AM,0.5968,0.047,0.033,0.92
287,https://www.ibtimes.com/tesla-spotted-filming-self-driving-demo-ahead-investor-event-2786616,Tesla Spotted Filming Self Driving Demo Ahead Of Investor Event,IVSA.DEX,Kalyan Kumar,04/19/19,8:12 AM,0.0129,0.041,0.038,0.921
288,https://www.ibtimes.com/pininfarina-battista-electric-hypercar-faster-fighter-jet-2786536,Pininfarina Battista Electric Hypercar Is Faster Than A Fighter Jet,GE,Arthur Villasanta,04/19/19,1:14 AM,0.9890000000000001,0.107,0.005,0.888
289,https://www.ibtimes.com/elon-musks-boring-company-build-baltimore-dc-tunnel-two-years-2786496,Elon Musk’s Boring Company To Build Baltimore-To-DC Tunnel In Two Years,ELON,Kalyan Kumar,04/18/19,10:25 PM,0.2124,0.051,0.052000000000000005,0.897
290,https://www.ibtimes.com/elon-musk-says-tesla-cars-will-drive-better-humans-2786409,Elon Musk Says Tesla Cars Will Drive Better Than Humans,TSLA,Kalyan Kumar,04/18/19,11:09 AM,0.9784,0.075,0.017,0.9079999999999999
291,https://www.ibtimes.com/tesla-model-s-model-x-get-interior-motor-upgrades-2786267,"Tesla Model S And Model X To Get Interior, Motor Upgrades",TSLA,Arthur Villasanta,04/17/19,11:24 PM,0.3612,0.024,0.012,0.964
292,https://www.ibtimes.com/apple-working-revolutionary-design-self-driving-car-2786228,Apple Is Working On ’Revolutionary Design’ For Self-Driving Car,AAPL,Arthur Villasanta,04/17/19,9:30 PM,0.9713,0.081,0.008,0.9109999999999999
293,https://www.ibtimes.com/could-elon-musks-tesla-roadster-model-s-reach-collectible-status-future-2785995,"Could Elon Musk’s Tesla Roadster, Model S Reach Collectible Status In The Future?",ELON,Lorraine Lorenzo,04/17/19,1:33 AM,0.992,0.109,0.0,0.8909999999999999
294,https://www.ibtimes.com/warren-buffett-advice-tesla-ceo-elon-musk-stop-tweeting-2785954,Warren Buffett Advice For Tesla CEO Elon Musk: Stop Tweeting,ELON,Kalyan Kumar,04/16/19,10:27 PM,-0.2128,0.085,0.078,0.836
295,https://www.ibtimes.com/do-tesla-cars-help-mitigate-climate-change-impact-report-musks-evs-released-2785657,Do Tesla Cars Help Mitigate Climate Change? Impact Report On Musk’s EVs Released,TSLA,Lorraine Lorenzo,04/15/19,10:55 PM,0.9796,0.106,0.027000000000000003,0.867
296,https://www.ibtimes.com/tesla-sentry-mode-caught-politician-culprit-hit-run-incident-2785466,Tesla Sentry Mode Caught Politician Culprit In Hit-And-Run Incident,TSLA,Jerome Santos,04/15/19,2:50 AM,0.1625,0.077,0.078,0.845
297,https://www.ibtimes.com/volkswagen-compete-against-tesla-own-electric-suv-chinese-market-2785432,Volkswagen To Compete Against Tesla With Own Electric SUV In Chinese Market,VOW5.DEX,Jerome Santos,04/15/19,12:23 AM,-0.3291,0.029,0.027000000000000003,0.944
298,https://www.ibtimes.com/tesla-model-3-beats-gas-powered-mercedes-cls-53-dodge-hellcat-race-2785444,"Tesla Model 3 Beats Gas-Powered Mercedes CLS 53, Dodge Hellcat In Race",TSLA,Arthur Villasanta,04/15/19,12:03 AM,0.9564,0.106,0.07,0.8240000000000001
299,https://www.ibtimes.com/tesla-potential-turmoil-public-opinion-sales-development-decline-experts-say-2785350,"Tesla In Potential Turmoil As Public Opinion, Sales And Development Decline, Experts Say",TSLA,Jerome Santos,04/14/19,7:21 PM,-0.9724,0.03,0.096,0.8740000000000001
300,https://www.ibtimes.com/tesla-semi-truck-revolutionize-not-replace-trucking-industry-2785365,"Tesla Semi Truck To Revolutionize, Not Replace Trucking Industry",TSLA,Jerome Santos,04/14/19,3:39 AM,0.9868,0.109,0.017,0.8740000000000001
301,https://www.ibtimes.com/what-does-future-hold-artificial-intelligence-2785187,What Does The Future Hold For Artificial Intelligence?,FUTR.LON,Simon Erickson,04/12/19,9:47 AM,0.9993,0.11,0.024,0.866
302,https://www.ibtimes.com/tesla-makes-autopilot-standard-increases-ev-prices-2785152,"Tesla Makes Autopilot A Standard, Increases EV Prices",TSLA,Kalyan Kumar,04/12/19,5:39 AM,-0.8418,0.013000000000000001,0.035,0.953
303,https://www.ibtimes.com/tesla-freezes-gigafactory-expansion-plan-panasonic-suspends-shanghai-investment-2785090,"Tesla Freezes Gigafactory Expansion Plan, Panasonic Suspends Shanghai Investment",TSLA,Arthur Villasanta,04/12/19,12:23 AM,0.6187,0.06,0.055,0.884
304,https://www.ibtimes.com/spacex-falcon-heavy-launch-successful-lands-all-three-boosters-2785044,"SpaceX Falcon Heavy Launch Successful, Lands All Three Boosters",FLMN,Arthur Villasanta,04/11/19,8:59 PM,0.9849,0.126,0.032,0.841
305,https://www.ibtimes.com/tesla-benefit-bill-expanding-federal-electric-vehicles-tax-credits-2784777,Tesla To Benefit From Bill Expanding Federal Electric Vehicles Tax Credits,TSLA,Arthur Villasanta,04/10/19,11:22 PM,0.9926,0.146,0.026,0.8290000000000001
306,https://www.ibtimes.com/spacex-falcon-heavy-launched-cancelled-due-winds-moved-thursday-2784766,"SpaceX Falcon Heavy Launched Cancelled Due To Winds, Moved To Thursday",FLMN,Arthur Villasanta,04/10/19,9:41 PM,0.9039,0.047,0.019,0.934
307,https://www.ibtimes.com/war-ceos-elon-musk-slams-jeff-bezos-project-kuiper-2784639,War Of The CEOs? Elon Musk Slams Jeff Bezo’s Project Kuiper,ELON,Dawn Geske,04/10/19,9:57 AM,0.8934,0.067,0.018000000000000002,0.916
308,https://www.ibtimes.com/spacex-falcon-heavy-launch-video-live-stream-where-watch-rocket-flight-online-2784526,SpaceX Falcon Heavy Launch Video Live Stream: Where To Watch Rocket Flight Online,FLMN,Arthur Villasanta,04/10/19,8:00 AM,0.831,0.035,0.008,0.9570000000000001
309,https://www.ibtimes.com/tesla-competitor-nissan-infiniti-launch-first-electric-car-made-china-2784576,"Tesla Competitor Nissan Infiniti To Launch First Electric Car, Made In China",NSANY,Kalyan Kumar,04/10/19,5:43 AM,0.9922,0.122,0.006,0.873
310,https://www.ibtimes.com/tesla-new-feature-allows-cars-find-their-owners-parking-lot-2784415,Tesla New Feature Allows Cars To Find Their Owners In Parking Lot,TSLA,Jerome Santos,04/09/19,11:21 PM,0.8516,0.036000000000000004,0.006999999999999999,0.9570000000000001
311,https://www.ibtimes.com/amazons-ad-revenue-growth-comes-expense-google-2784071,Amazon's Ad-Revenue Growth Comes At The Expense Of Google,AMZN,Adam Levy,04/08/19,10:46 PM,0.9982,0.166,0.019,0.816
312,https://www.ibtimes.com/tesla-layoffs-2019-elon-musk-fires-more-staff-start-q2-2784043,Tesla Layoffs 2019: Elon Musk Fires More Staff To Start Q2,TSLA,Arthur Villasanta,04/08/19,8:18 PM,-0.9841,0.044000000000000004,0.1,0.856
313,https://www.ibtimes.com/tesla-model-3-dominates-us-electric-car-market-60-ev-sales-2783940,Tesla Model 3 Dominates US Electric Car Market With 60% Of EV Sales,TSLA,Kalyan Kumar,04/08/19,10:47 AM,0.9818,0.101,0.02,0.879
314,https://www.ibtimes.com/tesla-autopilot-could-avoid-potholes-road-soon-elon-musk-says-2783835,"Tesla Autopilot Could Avoid Potholes On The Road Soon, Elon Musk Says",TSLA,Arthur Villasanta,04/08/19,5:49 AM,0.9777,0.114,0.049,0.8370000000000001
315,https://www.ibtimes.com/fiat-chrysler-pay-tesla-hundreds-millions-avoid-eu-emissions-fines-2783807,Fiat Chrysler To Pay Tesla Hundreds Of Millions To Avoid EU Emissions Fines,FCAU,Arthur Villasanta,04/08/19,1:23 AM,0.9753,0.098,0.043,0.8590000000000001
316,https://www.ibtimes.com/microsoft-could-evolve-shopifys-newest-competitor-2783716,Microsoft Could Evolve Into Shopify's Newest Competitor,MICROSOFT,Leo Sun,04/07/19,5:57 PM,0.9919,0.11199999999999999,0.040999999999999995,0.847
317,https://www.ibtimes.com/why-tesla-should-prioritize-semi-2783672,Why Tesla Should Prioritize The Semi,TSLA,Jerome Santos,04/07/19,5:18 AM,-0.0644,0.065,0.065,0.87
318,https://www.ibtimes.com/tesla-flexes-its-software-prowess-latest-over-air-update-2783598,Tesla Flexes Its Software Prowess In Latest Over-The-Air Update,TSLA,Daniel Sparks,04/06/19,12:41 PM,0.9749,0.07400000000000001,0.012,0.914
319,https://www.ibtimes.com/tesla-self-driving-cars-compete-uber-lyft-services-ceo-elon-musk-says-2783532,"Tesla Self-Driving Cars To Compete With Uber, Lyft Services, CEO Elon Musk Says",TSLA,Jerome Santos,04/06/19,5:18 AM,0.9859,0.111,0.006,0.883
320,https://www.ibtimes.com/silver-lining-teslas-deliveries-update-model-3-demand-2783342,The Silver Lining In Tesla's Deliveries Update: Model 3 Demand,SLV,Daniel Sparks,04/05/19,2:56 AM,0.9228,0.07,0.051,0.878
321,https://www.ibtimes.com/ford-launch-30-new-models-china-following-drop-sales-2782986,Ford To Launch 30 New Models In China Following Drop In Sales,CHINA,Arthur Villasanta,04/04/19,1:41 AM,0.9085,0.093,0.048,0.8590000000000001
322,https://www.ibtimes.com/tesla-full-self-driving-feature-launch-soon-autopilot-upgrade-already-production-2782922,"Tesla Full Self-Driving Feature To Launch Soon, Autopilot Upgrade Already In Production",TSLA,Kalyan Kumar,04/03/19,10:48 PM,0.1068,0.047,0.044000000000000004,0.909
323,https://www.ibtimes.com/tesla-takes-over-norway-60-new-car-sales-are-electric-vehicles-2782474,"Tesla Takes Over Norway, 60% Of New Car Sales Are Electric Vehicles",TSLA,Arthur Villasanta,04/02/19,11:10 PM,0.9769,0.1,0.025,0.875
324,https://www.ibtimes.com/tesla-model-s-3-x-y-which-one-has-highest-resale-value-2782022,"Tesla Model S, 3, X, Y: Which One Has Highest Resale Value?",TSLA,Jerome Santos,04/02/19,1:54 AM,0.9884,0.13699999999999998,0.0,0.863
325,https://www.ibtimes.com/tesla-fined-multiple-violations-hazardous-waste-law-california-factory-2781991,Tesla Fined For Multiple Violations Of Hazardous Waste Law At California Factory,TSLA,Arthur Villasanta,04/01/19,11:42 PM,-0.9825,0.08900000000000001,0.14400000000000002,0.767
326,https://www.ibtimes.com/tesla-police-cars-georgia-already-under-evaluation-2781935,Tesla As Police Cars In Georgia Already Under Evaluation,TSLA,Arthur Villasanta,04/01/19,9:25 PM,0.9718,0.06,0.0,0.94
327,https://www.ibtimes.com/tesla-cars-store-all-your-data-factory-reset-answer-2781659,"Tesla Cars Store All Your Data, Factory Reset Is The Answer",TSLA,Arthur Villasanta,04/01/19,7:30 AM,0.9169,0.063,0.034,0.903
328,https://www.ibtimes.com/space-20-new-age-space-exploration-business-opportunities-2781698,Space 2.0: A New Age Of Space Exploration And Business Opportunities,EXR,Rod Pyle,04/01/19,6:00 AM,0.9981,0.11699999999999999,0.022000000000000002,0.862
329,https://www.ibtimes.com/apple-challenge-tesla-model-y-tim-cooks-company-poaches-elon-musks-ex-colleagues-2781650,Apple To Challenge Tesla Model Y? Tim Cook’s Company Poaches Elon Musk’s Ex-Colleagues,AAPL,Lorraine Lorenzo,04/01/19,12:36 AM,0.9678,0.07,0.006,0.923
330,https://www.ibtimes.com/teslas-vehicle-delivery-update-most-important-thing-watch-2781630,Tesla's Vehicle Delivery Update: The Most Important Thing To Watch,TSLA,Daniel Sparks,03/31/19,11:10 PM,0.9153,0.08900000000000001,0.07200000000000001,0.8390000000000001
331,https://www.ibtimes.com/tesla-ceo-elon-musk-launch-own-tequila-drink-teslaquila-very-soon-2781629,Tesla CEO Elon Musk To Launch Own Tequila Drink ‘Teslaquila’ Very Soon,TSLA,Kalyan Kumar,03/31/19,11:05 PM,-0.4203,0.052000000000000005,0.052000000000000005,0.8959999999999999
332,https://www.ibtimes.com/daimler-challenges-tesla-semi-electric-truck-acquires-us-robotics-firm-2781585,"Daimler Challenges Tesla Semi Electric Truck, Acquires US Robotics Firm",DDAIF,Arthur Villasanta,03/31/19,9:15 PM,0.9331,0.052000000000000005,0.008,0.9390000000000001
333,https://www.ibtimes.com/tesla-still-planning-semi-external-company-variants-far-production-2781512,"Tesla Is Still Planning Semi, External Company Variants Far From Production",TSLA,Jerome Santos,03/31/19,7:06 AM,0.7096,0.024,0.0,0.976
334,https://www.ibtimes.com/tesla-model-3-system-can-be-hacked-after-crash-personal-data-can-be-taken-2781339,"Tesla Model 3 System Can Be Hacked After Crash, Personal Data Can Be Taken",TSLA,Jerome Santos,03/30/19,3:32 AM,0.9705,0.109,0.038,0.853
335,https://www.ibtimes.com/next-3-electric-bmws-sneak-peak-2781057,The Next 3 Electric BMWs: A Sneak Peak,NEXT,John Rosevear,03/29/19,3:03 AM,0.9949,0.091,0.021,0.888
336,https://www.ibtimes.com/tesla-model-y-features-new-vehicle-sedan-forced-be-suv-2780950,Tesla Model Y Features: New Vehicle Is Sedan 'Forced' To Be An SUV?,TSLA,Lorraine Lorenzo,03/28/19,11:10 PM,0.9011,0.065,0.022000000000000002,0.9129999999999999
337,https://www.ibtimes.com/nasa-could-partner-spacex-bringing-astronauts-back-lunar-surface-2780918,NASA Could Partner With SpaceX In Bringing Astronauts Back To Lunar Surface,,Lorraine Lorenzo,03/28/19,10:20 PM,0.9638,0.073,0.011,0.916
338,https://www.ibtimes.com/tesla-model-y-beats-audi-e-tron-others-electric-suv-buyers-choice-poll-2780589,"Tesla Model Y Beats Audi E-Tron, Others In Electric SUV Buyers’ Choice Poll",TSLA,Lorraine Lorenzo,03/28/19,2:03 AM,0.9526,0.064,0.019,0.917
339,https://www.ibtimes.com/tesla-closing-stores-again-elon-musks-emails-staff-about-plan-2780538,"Tesla Is Closing Stores Again, Elon Musks Emails Staff About Plan",TSLA,Arthur Villasanta,03/27/19,11:56 PM,-0.7506,0.047,0.07,0.883
340,https://www.ibtimes.com/tesla-model-3-right-hand-drive-spotted-california-may-hit-stores-soon-2780515,"Tesla Model 3 Right-Hand Drive Spotted In California, May Hit Stores Soon",TSLA,Kalyan Kumar,03/27/19,10:41 PM,0.9931,0.115,0.021,0.8640000000000001
341,https://www.ibtimes.com/fisker-confirms-affordable-electric-suv-beat-tesla-model-y-2780492,Fisker Confirms 'Affordable' Electric SUV To Beat Tesla Model Y,GE,Arthur Villasanta,03/27/19,9:56 PM,0.9568,0.08,0.034,0.8859999999999999
342,https://www.ibtimes.com/why-ford-reshuffled-its-electric-vehicle-plans-2780483,Why Ford Reshuffled Its Electric-Vehicle Plans,GE,John Rosevear,03/27/19,9:45 PM,0.9191,0.061,0.032,0.9059999999999999
343,https://www.ibtimes.com/tesla-model-y-price-elon-musk-fails-keep-affordable-electric-suv-promise-2780182,Tesla Model Y Price: Elon Musk Fails To Keep ‘Affordable’ Electric SUV Promise,TSLA,Lorraine Lorenzo,03/27/19,3:24 AM,0.9615,0.099,0.04,0.861
344,https://www.ibtimes.com/tesla-model-3-best-selling-ev-europe-tops-luxury-car-market-2780047,"Tesla Model 3 Is Best Selling EV In Europe, Tops Luxury Car Market",TSLA,Arthur Villasanta,03/26/19,10:26 PM,0.9595,0.055999999999999994,0.009000000000000001,0.934
345,https://www.ibtimes.com/elon-musk-could-face-suspension-tesla-sec-square-court-2780006,"Elon Musk Could Face Suspension As Tesla, SEC Square-Off In Court",ELON,Arthur Villasanta,03/26/19,8:57 PM,-0.9544,0.065,0.108,0.8270000000000001
346,https://www.ibtimes.com/why-tesla-model-y-panoramic-glass-roof-not-good-idea-2779628,Why Tesla Model Y Panoramic Glass Roof Is Not A Good Idea,TSLA,Jerome Santos,03/26/19,3:30 AM,-0.9291,0.054000000000000006,0.1,0.846
347,https://www.ibtimes.com/tesla-model-3-fleet-has-driven-1-billion-electric-miles-record-time-2779523,Tesla Model 3 Fleet Has Driven 1 Billion Electric Miles In Record Time,TSLA,Arthur Villasanta,03/25/19,8:23 PM,0.9336,0.056,0.013,0.931
348,https://www.ibtimes.com/tesla-model-y-gets-price-increase-today-3-bump-rest-cars-2779404,"Tesla Model Y Gets Price Increase Today, 3% Bump On Rest Cars",TSLA,Kalyan Kumar,03/25/19,10:55 AM,0.9215,0.05,0.018000000000000002,0.932
349,https://www.ibtimes.com/tesla-model-y-cargo-space-surprisingly-roomy-small-suv-2779113,Tesla Model Y Cargo Space Is Surprisingly Roomy For A Small SUV,TSLA,Jerome Santos,03/25/19,12:24 AM,0.9455,0.075,0.025,0.9
350,https://www.ibtimes.com/hackers-crack-tesla-model-3-security-wins-electric-sedan-reward-2778979,"Hackers Crack Tesla Model 3 Security, Wins Electric Sedan As Reward",TSLA,Jerome Santos,03/24/19,7:30 AM,0.9006,0.1,0.045,0.856
351,https://www.ibtimes.com/tesla-model-s-standard-battery-variant-dropped-after-few-weeks-2778833,Tesla Model S Standard Battery Variant Dropped After Few Weeks,TSLA,Jerome Santos,03/23/19,6:29 AM,0.6124,0.028,0.013,0.959
352,https://www.ibtimes.com/teslas-referral-program-offers-new-incentives-free-supercharging-car-giveaways-2778651,"Tesla's Referral Program Offers New Incentives With Free Supercharging, Car Giveaways",TSLA,Kevin Billings,03/22/19,11:08 AM,0.9963,0.192,0.004,0.804
353,https://www.ibtimes.com/tesla-sues-ex-employees-working-competitors-claims-trade-secret-theft-2778536,"Tesla Sues Ex-Employees For Working For Competitors, Claims Trade Secret Theft",TSLA,Kalyan Kumar,03/22/19,5:44 AM,-0.9725,0.051,0.122,0.828
354,https://www.ibtimes.com/ufo-hunter-asks-elon-musk-investigate-nasas-hidden-alien-findings-2778429,UFO Hunter Asks Elon Musk to Investigate NASA’s Hidden Alien Findings,ELON,Precious Silva,03/22/19,12:56 AM,0.9854,0.094,0.005,0.9009999999999999
355,https://www.ibtimes.com/tesla-model-3-owners-flood-beijing-mva-license-plates-2778410,Tesla Model 3 Owners Flood Beijing MVA For License Plates,TSLA,Arthur Villasanta,03/22/19,12:28 AM,0.8225,0.055,0.032,0.912
356,https://www.ibtimes.com/elon-musks-tesla-model-y-best-electric-suv-market-2777392,Elon Musk’s Tesla Model Y Best Electric SUV In The Market?,TSLA,Lorraine Lorenzo,03/19/19,11:19 PM,0.976,0.084,0.018000000000000002,0.898
357,https://www.ibtimes.com/apple-may-release-tesla-model-y-rival-autonomous-driving-mode-2776918,Apple May Release Tesla Model Y Rival With ‘Autonomous’ Driving Mode,AAPL,Jerome Santos,03/19/19,1:39 AM,0.9709,0.078,0.006999999999999999,0.915
358,https://www.ibtimes.com/california-startups-reveal-tesla-killer-battery-technology-2776903,California Startups Reveal 'Tesla Killer' Battery Technology,TSLA,Arthur Villasanta,03/18/19,11:54 PM,0.9721,0.08199999999999999,0.035,0.883
359,https://www.ibtimes.com/tesla-model-y-towing-capability-how-much-cargo-can-elon-musks-car-transport-2776865,Tesla Model Y Towing Capability: How Much Cargo Can Elon Musk’s Car Transport?,TSLA,Lorraine Lorenzo,03/18/19,10:48 PM,0.9953,0.139,0.009000000000000001,0.852
360,https://www.ibtimes.com/model-y-could-save-tesla-or-destroy-it-2776834,The Model Y Could Save Tesla -- Or Destroy It,MODN,Adam Levine-Weinberg,03/18/19,9:19 PM,0.9561,0.069,0.055,0.877
361,https://www.ibtimes.com/do-tesla-spacex-employees-hate-elon-musk-new-survey-reveals-truth-2776720,"Do Tesla, SpaceX Employees Hate Elon Musk? New Survey Reveals Truth",ELON,Kalyan Kumar,03/18/19,1:30 PM,0.9862,0.14,0.045,0.815
362,https://www.ibtimes.com/texas-ban-tesla-fixing-its-cars-state-service-centers-2776335,Texas To Ban Tesla From Fixing Its Cars At State Service Centers,TSLA,Arthur Villasanta,03/17/19,11:31 PM,-0.4875,0.07,0.079,0.851
363,https://www.ibtimes.com/elon-musks-tesla-model-y-ditches-chrome-accents-matte-black-finish-2776303,Elon Musk’s Tesla Model Y Ditches Chrome Accents For Matte Black Finish,TSLA,Jerome Santos,03/17/19,11:03 PM,0.6486,0.023,0.006999999999999999,0.97
364,https://www.ibtimes.com/teslas-new-model-y-crossover-unveiled-underwhelming-response-2775901,Tesla’s New Model Y Crossover Unveiled To ‘Underwhelming’ Response,TSLA,Dawn Geske,03/15/19,2:35 PM,0.8481,0.063,0.023,0.914
365,https://www.ibtimes.com/amber-heard-photographed-making-out-director-amid-elon-musk-affair-allegations-2775805,Amber Heard Photographed Making Out With Director Amid Elon Musk Affair Allegations,AMBR,Micah Ong,03/15/19,8:12 AM,0.9711,0.111,0.055,0.8340000000000001
366,https://www.ibtimes.com/ford-slams-tesla-teases-electric-mustang-2775771,"Ford Slams Tesla, Teases Electric Mustang",TSLA,Kalyan Kumar,03/15/19,5:54 AM,0.8248,0.037000000000000005,0.018000000000000002,0.945
367,https://www.ibtimes.com/tesla-reveals-model-y-baby-suv-tonight-how-watch-live-2775570,Tesla Reveals Model Y ‘Baby SUV’ Tonight: How To Watch Live,TSLA,Arthur Villasanta,03/14/19,7:33 PM,0.93,0.055,0.015,0.93
368,https://www.ibtimes.com/tesla-scandal-elon-musk-falsely-accused-safety-whistleblower-mass-shooting-2775486,Tesla Scandal: Elon Musk Falsely Accused Safety Whistleblower Of Mass Shooting,TSLA,Kalyan Kumar,03/14/19,12:37 PM,-0.9936,0.05,0.11599999999999999,0.8340000000000001
369,https://www.ibtimes.com/can-volkswagen-electric-car-beat-elon-musks-tesla-analysts-say-no-2774811,Can Volkswagen Electric Car Beat Elon Musk's Tesla? Analysts Say 'No',CAN,Arthur Villasanta,03/13/19,8:30 AM,0.7285,0.033,0.008,0.959
370,https://www.ibtimes.com/leaked-email-reveals-elon-musk-must-approve-all-tesla-job-hirings-2774860,Leaked Email Reveals Elon Musk Must Approve All Tesla Job Hirings,TSLA,Kalyan Kumar,03/13/19,5:16 AM,0.7436,0.061,0.046,0.893
371,https://www.ibtimes.com/tesla-completely-out-control-2774710,Tesla Is Completely Out Of Control,TSLA,Adam Levine-Weinberg,03/12/19,10:23 PM,-0.9663,0.047,0.077,0.8759999999999999
372,https://www.ibtimes.com/tesla-survey-shows-customer-service-subpar-model-3-other-evs-well-loved-2774254,"Tesla Survey Shows Customer Service Subpar, Model 3 And Other EVs Well-Loved",TSLA,Jerome Santos,03/12/19,7:15 AM,0.9890000000000001,0.11800000000000001,0.017,0.865
373,https://www.ibtimes.com/tesla-ceo-elon-musk-fights-back-slams-sec-unprecedented-overreach-2774296,"Tesla CEO Elon Musk Fights Back, Slams SEC For 'Unprecedented Overreach’",TSLA,Kalyan Kumar,03/12/19,5:42 AM,-0.8759,0.029,0.053,0.917
374,https://www.ibtimes.com/tesla-illegally-spying-its-employees-ex-security-manager-claims-2774059,"Tesla Is Illegally Spying On Its Employees, Ex-Security Manager Claims",TSLA,Arthur Villasanta,03/11/19,9:13 PM,-0.8834,0.035,0.057,0.9079999999999999
375,https://www.ibtimes.com/tesla-raises-car-prices-3-keep-stores-open-2773788,Tesla Raises Car Prices By 3% To Keep Stores Open,TSLA,Kalyan Kumar,03/11/19,5:35 AM,0.2732,0.028,0.025,0.946
376,https://www.ibtimes.com/elon-musks-underground-cars-vs-intels-flying-cars-which-futuristic-vision-better-2773637,Elon Musk's Underground Cars vs. Intel's Flying Cars: Which Futuristic Vision Is Better,ELON,Precious Silva,03/11/19,1:45 AM,0.9597,0.086,0.036000000000000004,0.878
377,https://www.ibtimes.com/why-elon-musks-tesla-model-y-will-have-faster-production-model-3-2773616,Why Elon Musk’s Tesla Model Y Will Have Faster Production Than Model 3,TSLA,Jerome Santos,03/11/19,1:02 AM,0.9042,0.045,0.014,0.941
378,https://www.ibtimes.com/elon-musks-tesla-unlikely-keep-full-self-driving-feature-promise-2773594,Elon Musk’s Tesla Unlikely To Keep ‘Full Self-Driving’ Feature Promise,ELON,Precious Silva,03/11/19,12:54 AM,-0.5996,0.055,0.055999999999999994,0.889
379,https://www.ibtimes.com/teslas-shanghai-gigafactory-open-may-could-lessen-us-china-trade-war-impact-2773138,"Tesla’s Shanghai Gigafactory To Open In May, Could Lessen US-China Trade War Impact",TSLA,Kalyan Kumar,03/08/19,11:56 AM,0.9201,0.081,0.043,0.8759999999999999
380,https://www.ibtimes.com/elon-musks-ship-future-shows-russia-whos-boss-2772927,Elon Musk’s ‘Ship Of The Future’ Shows Russia Who's Boss,ELON,Precious Silva,03/08/19,12:35 AM,0.9903,0.11800000000000001,0.024,0.8590000000000001
381,https://www.ibtimes.com/new-tesla-supercharger-v3-slashes-charging-time-15-minutes-2772888,New Tesla Supercharger V3 Slashes Charging Time to 15 Minutes,TSLA,Arthur Villasanta,03/07/19,11:39 PM,0.9709,0.067,0.012,0.921
382,https://www.ibtimes.com/tesla-ceo-elon-musk-still-trouble-over-marijuana-use-2772861,Tesla CEO Elon Musk Still In Trouble Over Marijuana Use,ELON,Precious Silva,03/07/19,11:24 PM,-0.7646,0.068,0.067,0.8640000000000001
383,https://www.ibtimes.com/tesla-ceo-elon-musk-twitter-account-could-get-shut-down-2772805,Tesla CEO Elon Musk Twitter Account Could Get Shut Down,TSLA,Lorraine Lorenzo,03/07/19,10:09 PM,-0.9263,0.05,0.083,0.867
384,https://www.ibtimes.com/elon-musk-may-be-suspended-tesla-ceo-sec-violation-2772781,Elon Musk May Be Suspended As Tesla CEO For SEC Violation,TSLA,Arthur Villasanta,03/07/19,7:10 PM,-0.9883,0.085,0.13699999999999998,0.778
385,https://www.ibtimes.com/las-vegas-betting-elon-musk-how-boring-company-might-change-sin-city-2772143,Las Vegas Betting On Elon Musk? How The Boring Company Might Change Sin City,ELON,J.E. Reich,03/06/19,12:19 PM,0.9633,0.094,0.051,0.856
386,https://www.ibtimes.com/tesla-model-y-price-how-much-will-elon-musks-electric-suv-cost-2772040,Tesla Model Y Price: How Much Will Elon Musk’s Electric SUV Cost?,TSLA,Jerome Santos,03/06/19,7:30 AM,0.7964,0.032,0.006999999999999999,0.9620000000000001
387,https://www.ibtimes.com/space-hotels-could-soon-be-possible-thanks-spacex-ceo-elon-musk-2771916,Space Hotels Could Soon Be Possible Thanks To SpaceX CEO Elon Musk,ELON,Precious Silva,03/06/19,12:52 AM,0.9808,0.091,0.012,0.897
388,https://www.ibtimes.com/elon-musk-losing-investor-employee-confidence-2771905,Is Elon Musk Losing Investor And Employee Confidence?,ELON,Precious Silva,03/06/19,12:12 AM,0.9717,0.08199999999999999,0.033,0.885
389,https://www.ibtimes.com/tesla-stock-plunges-after-printer-error-delays-model-3-shipment-release-china-2771809,Tesla Stock Plunges After ‘Printer Error’ Delays Model 3 Shipment Release In China,TSLA,Arthur Villasanta,03/05/19,8:11 PM,-0.6637,0.056,0.066,0.878
390,https://www.ibtimes.com/tesla-model-y-ev-rival-pininfarina-battista-crushes-bugatti-veyrons-power-output-2771490,Tesla Model Y EV Rival Pininfarina Battista Crushes Bugatti Veyron’s Power Output,TSLA,Jerome Santos,03/05/19,7:26 AM,0.9779,0.092,0.006,0.902
391,https://www.ibtimes.com/tesla-blade-runner-everything-we-know-about-elon-musks-6-seater-pickup-truck-2771401,Tesla Blade Runner: Everything We Know About Elon Musk’s 6-Seater Pickup Truck,TSLA,Jerome Santos,03/04/19,11:48 PM,0.8591,0.037000000000000005,0.0,0.963
392,https://www.ibtimes.com/how-spacex-lowered-costs-reduced-barriers-space-2771425,How Spacex Lowered Costs And Reduced Barriers To Space,HHC,Wendy Whitman Cobb,03/04/19,11:40 PM,0.9286,0.065,0.049,0.8859999999999999
393,https://www.ibtimes.com/volvo-will-limit-its-car-speed-112mph-safety-2771356,Volvo Will Limit Its Car Speed To 112mph For Safety,VLVLY,Arthur Villasanta,03/04/19,10:19 PM,0.8658,0.116,0.078,0.8059999999999999
394,https://www.ibtimes.com/tesla-closing-stores-starting-today-cuts-pay-fires-more-employees-2770812,"Tesla Is Closing Stores Starting Today, Cuts Pay And Fires More Employees",TSLA,Arthur Villasanta,03/04/19,1:07 AM,-0.9279,0.026000000000000002,0.066,0.9079999999999999
395,https://www.ibtimes.com/tesla-ceo-candidates-replace-elon-musk-if-he-steps-down-2770877,Tesla CEO Candidates To Replace Elon Musk If He Steps Down,TSLA,Arthur Villasanta,03/04/19,12:18 AM,0.9709,0.108,0.058,0.834
